GFN,FWE,FIA,FWI,USAGE
ABeeZee:italic:400,3,4,7,header
ABeeZee:normal:400,3,1,7,header
Abel:normal:400,3,1,2,body
Abhaya Libre:normal:400,3,-1,-1,?
Abhaya Libre:normal:500,3,-1,-1,?
Abhaya Libre:normal:600,3,-1,-1,?
Abhaya Libre:normal:700,3,-1,-1,?
Abhaya Libre:normal:800,4,-1,-1,?
Abril Fatface:normal:400,4,1,7,header
Aclonica:normal:400,4,1,8,body
Acme:normal:400,4,1,6,header
Actor:normal:400,3,1,7,body
Adamina:normal:400,3,1,7,header
Advent Pro:normal:100,1,1,6,header
Advent Pro:normal:200,2,1,6,header
Advent Pro:normal:300,2,1,6,header
Advent Pro:normal:400,3,1,6,header
Advent Pro:normal:500,3,1,6,body
Advent Pro:normal:600,4,1,6,body
Advent Pro:normal:700,4,1,6,header
Aguafina Script:normal:400,4,8,5,header
Akronim:normal:400,4,5,5,header
Aladin:normal:400,4,1,5,header
Aldrich:normal:400,4,1,8,header
Alef:normal:400,3,1,7,header
Alef:normal:700,4,1,8,header
Alegreya SC:italic:400,3,4,7,header
Alegreya SC:italic:500,3,-1,-1,?
Alegreya SC:italic:700,4,3,7,header
Alegreya SC:italic:800,5,-1,-1,?
Alegreya SC:italic:900,5,3,7,header
Alegreya SC:normal:400,3,1,7,header
Alegreya SC:normal:500,3,-1,-1,?
Alegreya SC:normal:700,4,1,7,header
Alegreya SC:normal:800,5,-1,-1,?
Alegreya SC:normal:900,5,1,7,header
Alegreya Sans SC:italic:100,1,4,6,header
Alegreya Sans SC:italic:300,2,3,6,header
Alegreya Sans SC:italic:400,3,3,6,header
Alegreya Sans SC:italic:500,3,3,7,header
Alegreya Sans SC:italic:700,4,4,7,header
Alegreya Sans SC:italic:800,5,3,7,header
Alegreya Sans SC:italic:900,5,3,7,header
Alegreya Sans SC:normal:100,1,1,7,header
Alegreya Sans SC:normal:300,2,1,7,header
Alegreya Sans SC:normal:400,3,1,7,header
Alegreya Sans SC:normal:500,3,1,7,header
Alegreya Sans SC:normal:700,4,1,7,header
Alegreya Sans SC:normal:800,5,1,7,header
Alegreya Sans SC:normal:900,5,1,7,header
Alegreya Sans:italic:100,1,4,5,header
Alegreya Sans:italic:300,2,4,6,header
Alegreya Sans:italic:400,3,4,6,header
Alegreya Sans:italic:500,4,4,6,header
Alegreya Sans:italic:700,4,4,6,header
Alegreya Sans:italic:800,5,4,6,header
Alegreya Sans:italic:900,6,4,6,header
Alegreya Sans:normal:100,1,1,6,header
Alegreya Sans:normal:300,2,1,6,header
Alegreya Sans:normal:400,3,1,6,body
Alegreya Sans:normal:500,4,1,6,header
Alegreya Sans:normal:700,4,1,6,header
Alegreya Sans:normal:800,5,1,6,header
Alegreya Sans:normal:900,6,1,6,header
Alegreya:italic:400,3,4,6,header
Alegreya:italic:500,3,-1,-1,?
Alegreya:italic:700,4,4,6,header
Alegreya:italic:800,5,-1,-1,?
Alegreya:italic:900,5,4,6,header
Alegreya:normal:400,3,1,6,header
Alegreya:normal:500,3,-1,-1,?
Alegreya:normal:700,4,1,7,header
Alegreya:normal:800,5,-1,-1,?
Alegreya:normal:900,5,1,7,header
Alex Brush:normal:400,2,9,5,header
Alfa Slab One:normal:400,6,1,8,header
Alice:normal:400,3,1,7,body
Alike Angular:normal:400,3,1,7,body
Alike:normal:400,3,1,7,header
Allan:normal:400,4,5,5,header
Allan:normal:700,6,5,5,header
Allerta Stencil:normal:400,3,1,8,header
Allerta:normal:400,3,1,8,header
Allura:normal:400,2,7,5,header
Almendra Display:normal:400,1,1,6,header
Almendra SC:normal:400,3,1,7,header
Almendra:italic:400,3,1,6,header
Almendra:italic:700,5,1,6,header
Almendra:normal:400,3,1,6,header
Almendra:normal:700,4,1,7,header
Amarante:normal:400,4,1,7,header
Amaranth:italic:400,4,5,7,header
Amaranth:italic:700,5,5,7,header
Amaranth:normal:400,4,1,7,header
Amaranth:normal:700,5,1,7,header
Amatic SC:normal:400,2,1,4,header
Amatic SC:normal:700,3,1,2,header
Amethysta:normal:400,3,1,8,body
Amiko:normal:400,3,1,5,body
Amiko:normal:600,4,1,5,body
Amiko:normal:700,4,1,5,body
Amiri:italic:400,2,5,4,body
Amiri:italic:700,3,5,4,body
Amiri:normal:400,2,1,4,body
Amiri:normal:700,3,1,4,body
Amita:normal:400,3,2,4,header
Amita:normal:700,3,2,4,header
Anaheim:normal:400,3,1,7,body
Andada:normal:400,3,1,7,body
Andika:normal:400,3,1,7,body
Angkor:normal:400,1,-1,-1,?
Annie Use Your Telescope:normal:400,2,1,6,header
Anonymous Pro:italic:400,3,5,8,header
Anonymous Pro:italic:700,4,5,8,header
Anonymous Pro:normal:400,3,1,8,header
Anonymous Pro:normal:700,4,1,8,header
Antic Didone:normal:400,2,1,7,header
Antic Slab:normal:400,3,1,7,header
Antic:normal:400,3,1,7,body
Anton:normal:400,6,1,7,body
Arapey:italic:400,2,5,6,header
Arapey:normal:400,3,1,6,body
Arbutus Slab:normal:400,4,1,8,body
Arbutus:normal:400,5,1,9,header
Architects Daughter:normal:400,3,1,7,header
Archivo Black:normal:400,6,1,8,header
Archivo Narrow:italic:400,4,3,6,header
Archivo Narrow:italic:500,4,-1,-1,?
Archivo Narrow:italic:600,5,-1,-1,?
Archivo Narrow:italic:700,5,3,6,header
Archivo Narrow:normal:400,4,1,6,header
Archivo Narrow:normal:500,4,-1,-1,?
Archivo Narrow:normal:600,5,-1,-1,?
Archivo Narrow:normal:700,5,1,6,header
Archivo:italic:400,4,-1,-1,?
Archivo:italic:500,4,-1,-1,?
Archivo:italic:600,4,-1,-1,?
Archivo:italic:700,5,-1,-1,?
Archivo:normal:400,4,-1,-1,?
Archivo:normal:500,4,-1,-1,?
Archivo:normal:600,4,-1,-1,?
Archivo:normal:700,5,-1,-1,?
Aref Ruqaa:normal:400,3,1,4,header
Aref Ruqaa:normal:700,3,1,4,header
Arima Madurai:normal:100,1,1,4,body
Arima Madurai:normal:200,2,1,4,body
Arima Madurai:normal:300,2,1,4,body
Arima Madurai:normal:400,3,1,4,body
Arima Madurai:normal:500,3,1,4,body
Arima Madurai:normal:700,3,1,4,body
Arima Madurai:normal:800,3,1,4,body
Arima Madurai:normal:900,4,1,4,body
Arimo:italic:400,3,4,7,header
Arimo:italic:700,5,4,7,header
Arimo:normal:400,3,1,7,body
Arimo:normal:700,5,1,7,header
Arizonia:normal:400,3,9,6,header
Armata:normal:400,3,1,8,body
Arsenal:italic:400,3,-1,-1,?
Arsenal:italic:700,4,-1,-1,?
Arsenal:normal:400,3,-1,-1,?
Arsenal:normal:700,4,-1,-1,?
Artifika:normal:400,3,1,8,body
Arvo:italic:400,4,5,8,header
Arvo:italic:700,5,4,8,header
Arvo:normal:400,4,1,7,body
Arvo:normal:700,5,1,8,header
Arya:normal:400,3,1,3,body
Arya:normal:700,3,1,3,body
Asap Condensed:italic:400,4,-1,-1,?
Asap Condensed:italic:500,4,-1,-1,?
Asap Condensed:italic:600,5,-1,-1,?
Asap Condensed:italic:700,5,-1,-1,?
Asap Condensed:normal:400,4,-1,-1,?
Asap Condensed:normal:500,4,-1,-1,?
Asap Condensed:normal:600,5,-1,-1,?
Asap Condensed:normal:700,5,-1,-1,?
Asap:italic:400,3,3,7,header
Asap:italic:500,4,-1,-1,?
Asap:italic:600,4,-1,-1,?
Asap:italic:700,5,3,7,header
Asap:normal:400,3,1,7,header
Asap:normal:500,4,-1,-1,?
Asap:normal:600,4,-1,-1,?
Asap:normal:700,5,1,7,header
Asar:normal:400,2,1,4,body
Asset:normal:400,5,1,10,header
Assistant:normal:200,2,1,4,body
Assistant:normal:300,2,1,4,body
Assistant:normal:400,3,1,4,body
Assistant:normal:600,3,1,4,body
Assistant:normal:700,4,1,4,body
Assistant:normal:800,5,1,4,body
Astloch:normal:400,2,1,5,header
Astloch:normal:700,4,1,6,header
Asul:normal:400,3,1,7,body
Asul:normal:700,4,1,7,header
Athiti:normal:200,1,-1,-1,?
Athiti:normal:300,2,-1,-1,?
Athiti:normal:400,2,-1,-1,?
Athiti:normal:500,3,-1,-1,?
Athiti:normal:600,3,-1,-1,?
Athiti:normal:700,4,-1,-1,?
Atma:normal:300,2,-1,-1,?
Atma:normal:400,3,-1,-1,?
Atma:normal:500,3,-1,-1,?
Atma:normal:600,4,-1,-1,?
Atma:normal:700,5,-1,-1,?
Atomic Age:normal:400,4,1,8,body
Aubrey:normal:400,3,1,6,body
Audiowide:normal:400,4,1,8,header
Autour One:normal:400,4,1,8,body
Average Sans:normal:400,3,1,7,body
Average:normal:400,3,1,7,header
Averia Gruesa Libre:normal:400,3,1,7,header
Averia Libre:italic:300,3,4,7,header
Averia Libre:italic:400,3,4,7,header
Averia Libre:italic:700,4,4,7,header
Averia Libre:normal:300,3,1,7,header
Averia Libre:normal:400,3,1,7,header
Averia Libre:normal:700,4,1,7,header
Averia Sans Libre:italic:300,3,4,7,header
Averia Sans Libre:italic:400,3,4,7,header
Averia Sans Libre:italic:700,4,4,7,header
Averia Sans Libre:normal:300,3,1,7,body
Averia Sans Libre:normal:400,3,1,7,header
Averia Sans Libre:normal:700,4,1,7,header
Averia Serif Libre:italic:300,3,4,7,header
Averia Serif Libre:italic:400,3,4,7,header
Averia Serif Libre:italic:700,4,4,7,header
Averia Serif Libre:normal:300,3,1,7,header
Averia Serif Libre:normal:400,4,1,7,header
Averia Serif Libre:normal:700,4,1,7,header
Bad Script:normal:400,2,5,6,header
Bahiana:normal:400,4,-1,-1,?
Baloo Bhai:normal:400,5,-1,-1,?
Baloo Bhaijaan:normal:400,5,-1,-1,?
Baloo Bhaina:normal:400,4,-1,-1,?
Baloo Chettan:normal:400,5,-1,-1,?
Baloo Da:normal:400,4,-1,-1,?
Baloo Paaji:normal:400,4,-1,-1,?
Baloo Tamma:normal:400,5,-1,-1,?
Baloo Tammudu:normal:400,4,-1,-1,?
Baloo Thambi:normal:400,5,-1,-1,?
Baloo:normal:400,5,-1,-1,?
Balthazar:normal:400,3,1,6,header
Bangers:normal:400,7,4,6,header
Barlow Condensed:italic:100,2,-1,-1,?
Barlow Condensed:italic:200,2,-1,-1,?
Barlow Condensed:italic:300,3,-1,-1,?
Barlow Condensed:italic:400,3,-1,-1,?
Barlow Condensed:italic:500,4,-1,-1,?
Barlow Condensed:italic:600,5,-1,-1,?
Barlow Condensed:italic:700,5,-1,-1,?
Barlow Condensed:italic:800,6,-1,-1,?
Barlow Condensed:italic:900,6,-1,-1,?
Barlow Condensed:normal:100,2,-1,-1,?
Barlow Condensed:normal:200,2,-1,-1,?
Barlow Condensed:normal:300,3,-1,-1,?
Barlow Condensed:normal:400,3,-1,-1,?
Barlow Condensed:normal:500,4,-1,-1,?
Barlow Condensed:normal:600,5,-1,-1,?
Barlow Condensed:normal:700,5,-1,-1,?
Barlow Condensed:normal:800,6,-1,-1,?
Barlow Condensed:normal:900,6,-1,-1,?
Barlow Semi Condensed:italic:100,2,-1,-1,?
Barlow Semi Condensed:italic:200,2,-1,-1,?
Barlow Semi Condensed:italic:300,2,-1,-1,?
Barlow Semi Condensed:italic:400,3,-1,-1,?
Barlow Semi Condensed:italic:500,4,-1,-1,?
Barlow Semi Condensed:italic:600,4,-1,-1,?
Barlow Semi Condensed:italic:700,5,-1,-1,?
Barlow Semi Condensed:italic:800,5,-1,-1,?
Barlow Semi Condensed:italic:900,6,-1,-1,?
Barlow Semi Condensed:normal:100,2,-1,-1,?
Barlow Semi Condensed:normal:200,2,-1,-1,?
Barlow Semi Condensed:normal:300,2,-1,-1,?
Barlow Semi Condensed:normal:400,3,-1,-1,?
Barlow Semi Condensed:normal:500,4,-1,-1,?
Barlow Semi Condensed:normal:600,4,-1,-1,?
Barlow Semi Condensed:normal:700,5,-1,-1,?
Barlow Semi Condensed:normal:800,5,-1,-1,?
Barlow Semi Condensed:normal:900,6,-1,-1,?
Barlow:italic:100,2,-1,-1,?
Barlow:italic:200,2,-1,-1,?
Barlow:italic:300,2,-1,-1,?
Barlow:italic:400,3,-1,-1,?
Barlow:italic:500,4,-1,-1,?
Barlow:italic:600,4,-1,-1,?
Barlow:italic:700,5,-1,-1,?
Barlow:italic:800,5,-1,-1,?
Barlow:italic:900,6,-1,-1,?
Barlow:normal:100,2,-1,-1,?
Barlow:normal:200,2,-1,-1,?
Barlow:normal:300,2,-1,-1,?
Barlow:normal:400,3,-1,-1,?
Barlow:normal:500,4,-1,-1,?
Barlow:normal:600,4,-1,-1,?
Barlow:normal:700,5,-1,-1,?
Barlow:normal:800,5,-1,-1,?
Barlow:normal:900,6,-1,-1,?
Barrio:normal:400,5,-1,-1,?
Basic:normal:400,4,1,7,header
Battambang:normal:400,1,-1,-1,?
Battambang:normal:700,1,-1,-1,?
Baumans:normal:400,4,1,7,body
Bayon:normal:400,1,1,4,header
Belgrano:normal:400,3,1,8,header
Bellefair:normal:400,2,1,4,body
Belleza:normal:400,3,1,6,body
BenchNine:normal:300,3,1,1,header
BenchNine:normal:400,4,1,2,header
BenchNine:normal:700,4,1,4,header
Bentham:normal:400,3,1,7,body
Berkshire Swash:normal:400,4,1,7,body
Bevan:normal:400,6,1,8,header
Bigelow Rules:normal:400,3,1,2,header
Bigshot One:normal:400,4,1,7,header
Bilbo Swash Caps:normal:400,2,6,2,header
Bilbo:normal:400,2,6,2,header
Biryani:normal:200,2,1,5,body
Biryani:normal:300,3,1,5,body
Biryani:normal:400,3,1,5,body
Biryani:normal:600,3,1,5,body
Biryani:normal:700,4,1,5,body
Biryani:normal:800,4,1,5,body
Biryani:normal:900,5,1,5,body
Bitter:italic:400,3,4,7,header
Bitter:normal:400,3,1,7,body
Bitter:normal:700,4,1,8,header
Black And White Picture:normal:400,5,-1,-1,?
Black Han Sans:normal:400,8,-1,-1,?
Black Ops One:normal:400,6,1,8,header
Bokor:normal:400,1,1,4,body
Bonbon:normal:400,3,2,8,header
Boogaloo:normal:400,5,1,6,header
Bowlby One SC:normal:400,6,1,8,header
Bowlby One:normal:400,6,1,8,header
Brawler:normal:400,3,1,7,body
Bree Serif:normal:400,4,1,7,body
Bubblegum Sans:normal:400,4,1,6,header
Bubbler One:normal:400,2,1,6,header
Buda:normal:300,2,1,6,header
Buenard:normal:400,3,1,7,body
Buenard:normal:700,3,1,7,header
Bungee Hairline:normal:400,1,1,8,header
Bungee Inline:normal:400,7,1,8,header
Bungee Outline:normal:400,1,1,8,header
Bungee Shade:normal:400,4,1,8,header
Bungee:normal:400,7,1,8,header
Butcherman:normal:400,4,1,8,header
Butterfly Kids:normal:400,2,4,5,header
Cabin Condensed:normal:400,4,1,6,header
Cabin Condensed:normal:500,4,1,6,header
Cabin Condensed:normal:600,4,1,6,header
Cabin Condensed:normal:700,4,1,6,header
Cabin Sketch:normal:400,3,1,7,body
Cabin Sketch:normal:700,3,1,7,header
Cabin:italic:400,3,4,6,header
Cabin:italic:500,4,4,6,header
Cabin:italic:600,4,4,7,header
Cabin:italic:700,4,4,7,header
Cabin:normal:400,3,1,7,body
Cabin:normal:500,4,1,7,header
Cabin:normal:600,4,1,7,header
Cabin:normal:700,4,1,7,header
Caesar Dressing:normal:400,5,1,7,header
Cagliostro:normal:400,3,1,7,body
Cairo:normal:200,2,-1,-1,?
Cairo:normal:300,2,-1,-1,?
Cairo:normal:400,2,-1,-1,?
Cairo:normal:600,3,-1,-1,?
Cairo:normal:700,4,-1,-1,?
Cairo:normal:900,4,-1,-1,?
Calligraffitti:normal:400,2,6,6,header
Cambay:italic:400,3,4,7,header
Cambay:italic:700,4,5,7,header
Cambay:normal:400,3,1,7,body
Cambay:normal:700,4,1,7,header
Cambo:normal:400,3,1,7,body
Candal:normal:400,5,1,8,body
Cantarell:italic:400,3,6,7,header
Cantarell:italic:700,3,6,8,header
Cantarell:normal:400,3,1,7,body
Cantarell:normal:700,3,1,8,header
Cantata One:normal:400,3,1,8,body
Cantora One:normal:400,4,1,7,header
Capriola:normal:400,4,1,8,header
Cardo:italic:400,2,5,6,header
Cardo:normal:400,3,1,7,body
Cardo:normal:700,3,1,7,body
Carme:normal:400,3,1,7,body
Carrois Gothic SC:normal:400,3,1,7,header
Carrois Gothic:normal:400,3,1,7,body
Carter One:normal:400,5,3,7,header
Catamaran:normal:100,2,1,4,body
Catamaran:normal:200,2,1,4,body
Catamaran:normal:300,2,1,4,body
Catamaran:normal:400,3,1,4,body
Catamaran:normal:500,3,1,4,body
Catamaran:normal:600,3,1,4,body
Catamaran:normal:700,4,1,4,body
Catamaran:normal:800,4,1,4,body
Catamaran:normal:900,5,1,4,body
Caudex:italic:400,3,5,7,header
Caudex:italic:700,3,5,7,header
Caudex:normal:400,3,1,7,body
Caudex:normal:700,3,1,7,header
Caveat Brush:normal:400,4,1,3,header
Caveat:normal:400,3,6,3,body
Caveat:normal:700,4,6,3,body
Cedarville Cursive:normal:400,2,6,7,header
Ceviche One:normal:400,5,5,6,header
Changa One:italic:400,6,4,7,header
Changa One:normal:400,6,1,7,header
Changa:normal:200,2,1,4,header
Changa:normal:300,2,1,4,header
Changa:normal:400,3,1,4,header
Changa:normal:500,3,1,4,header
Changa:normal:600,4,1,4,header
Changa:normal:700,4,1,4,header
Changa:normal:800,5,1,4,header
Chango:normal:400,6,1,9,header
Chathura:normal:100,1,-1,-1,?
Chathura:normal:300,1,-1,-1,?
Chathura:normal:400,2,-1,-1,?
Chathura:normal:700,2,-1,-1,?
Chathura:normal:800,2,-1,-1,?
Chau Philomene One:italic:400,5,3,6,header
Chau Philomene One:normal:400,5,1,6,header
Chela One:normal:400,6,1,6,header
Chelsea Market:normal:400,4,1,8,body
Chenla:normal:400,1,-1,-1,?
Cherry Cream Soda:normal:400,4,1,8,header
Cherry Swash:normal:400,3,1,7,body
Cherry Swash:normal:700,4,1,8,header
Chewy:normal:400,6,1,6,body
Chicle:normal:400,6,1,6,header
Chivo:italic:300,2,-1,-1,?
Chivo:italic:400,4,3,7,header
Chivo:italic:700,5,-1,-1,?
Chivo:italic:900,6,3,7,header
Chivo:normal:300,2,-1,-1,?
Chivo:normal:400,4,1,7,header
Chivo:normal:700,5,-1,-1,?
Chivo:normal:900,6,1,7,header
Chonburi:normal:400,4,-1,-1,?
Cinzel Decorative:normal:400,2,1,8,header
Cinzel Decorative:normal:700,3,1,8,header
Cinzel Decorative:normal:900,4,1,9,header
Cinzel:normal:400,2,1,8,header
Cinzel:normal:700,3,1,8,header
Cinzel:normal:900,4,1,8,header
Clicker Script:normal:400,2,2,5,header
Coda Caption:normal:800,5,1,8,header
Coda:normal:400,3,1,7,body
Coda:normal:800,7,1,8,header
Codystar:normal:300,1,9,8,header
Codystar:normal:400,1,1,8,header
Coiny:normal:400,6,-1,-1,?
Combo:normal:400,3,1,6,header
Comfortaa:normal:300,3,1,8,header
Comfortaa:normal:400,3,1,8,body
Comfortaa:normal:700,4,1,8,body
Coming Soon:normal:400,3,1,7,header
Concert One:normal:400,5,1,7,header
Condiment:normal:400,4,9,6,header
Content:normal:400,1,-1,-1,?
Content:normal:700,1,-1,-1,?
Contrail One:normal:400,5,3,6,header
Convergence:normal:400,4,1,8,body
Cookie:normal:400,4,1,5,header
Copse:normal:400,4,1,7,header
Cormorant Garamond:italic:300,2,-1,-1,?
Cormorant Garamond:italic:400,2,-1,-1,?
Cormorant Garamond:italic:500,2,-1,-1,?
Cormorant Garamond:italic:600,3,-1,-1,?
Cormorant Garamond:italic:700,3,-1,-1,?
Cormorant Garamond:normal:300,2,-1,-1,?
Cormorant Garamond:normal:400,2,-1,-1,?
Cormorant Garamond:normal:500,2,-1,-1,?
Cormorant Garamond:normal:600,3,-1,-1,?
Cormorant Garamond:normal:700,3,-1,-1,?
Cormorant Infant:italic:300,2,-1,-1,?
Cormorant Infant:italic:400,2,-1,-1,?
Cormorant Infant:italic:500,2,-1,-1,?
Cormorant Infant:italic:600,3,-1,-1,?
Cormorant Infant:italic:700,3,-1,-1,?
Cormorant Infant:normal:300,2,-1,-1,?
Cormorant Infant:normal:400,2,-1,-1,?
Cormorant Infant:normal:500,2,-1,-1,?
Cormorant Infant:normal:600,3,-1,-1,?
Cormorant Infant:normal:700,3,-1,-1,?
Cormorant SC:normal:300,2,-1,-1,?
Cormorant SC:normal:400,2,-1,-1,?
Cormorant SC:normal:500,2,-1,-1,?
Cormorant SC:normal:600,3,-1,-1,?
Cormorant SC:normal:700,3,-1,-1,?
Cormorant Unicase:normal:300,2,-1,-1,?
Cormorant Unicase:normal:400,2,-1,-1,?
Cormorant Unicase:normal:500,2,-1,-1,?
Cormorant Unicase:normal:600,3,-1,-1,?
Cormorant Unicase:normal:700,3,-1,-1,?
Cormorant Upright:normal:300,2,-1,-1,?
Cormorant Upright:normal:400,2,-1,-1,?
Cormorant Upright:normal:500,2,-1,-1,?
Cormorant Upright:normal:600,3,-1,-1,?
Cormorant Upright:normal:700,3,-1,-1,?
Cormorant:italic:300,2,-1,-1,?
Cormorant:italic:400,2,-1,-1,?
Cormorant:italic:500,2,-1,-1,?
Cormorant:italic:600,3,-1,-1,?
Cormorant:italic:700,3,-1,-1,?
Cormorant:normal:300,2,-1,-1,?
Cormorant:normal:400,2,-1,-1,?
Cormorant:normal:500,2,-1,-1,?
Cormorant:normal:600,3,-1,-1,?
Cormorant:normal:700,3,-1,-1,?
Courgette:normal:400,4,6,7,header
Cousine:italic:400,3,4,8,header
Cousine:italic:700,5,4,8,header
Cousine:normal:400,3,1,8,header
Cousine:normal:700,5,1,8,header
Coustard:normal:400,4,1,8,header
Coustard:normal:900,5,1,8,header
Covered By Your Grace:normal:400,3,1,6,header
Crafty Girls:normal:400,3,1,8,header
Creepster:normal:400,6,1,6,header
Crete Round:italic:400,4,4,7,header
Crete Round:normal:400,4,1,7,body
Crimson Text:italic:400,3,4,7,header
Crimson Text:italic:600,3,4,7,header
Crimson Text:italic:700,4,4,7,header
Crimson Text:normal:400,3,1,7,body
Crimson Text:normal:600,3,1,7,header
Crimson Text:normal:700,3,1,7,header
Croissant One:normal:400,3,1,8,body
Crushed:normal:400,4,1,6,header
Cuprum:italic:400,4,4,6,header
Cuprum:italic:700,4,4,6,header
Cuprum:normal:400,4,1,6,body
Cuprum:normal:700,4,1,6,header
Cute Font:normal:400,3,-1,-1,?
Cutive Mono:normal:400,2,1,8,header
Cutive:normal:400,5,1,8,header
Damion:normal:400,3,8,6,header
Dancing Script:normal:400,3,7,6,header
Dancing Script:normal:700,3,7,6,header
Dangrek:normal:400,1,-1,-1,?
Dawning of a New Day:normal:400,2,5,6,header
Days One:normal:400,5,1,8,header
Dekko:normal:400,3,1,3,body
Delius Swash Caps:normal:400,3,1,7,header
Delius Unicase:normal:400,3,1,8,header
Delius Unicase:normal:700,4,1,9,header
Delius:normal:400,3,1,7,body
Della Respira:normal:400,3,1,7,body
Denk One:normal:400,5,1,7,header
Devonshire:normal:400,4,3,5,header
Dhurjati:normal:400,3,1,6,body
Didact Gothic:normal:400,3,1,7,header
Diplomata SC:normal:400,4,1,10,header
Diplomata:normal:400,4,1,10,header
Do Hyeon:normal:400,5,-1,-1,?
Dokdo:normal:400,3,-1,-1,?
Domine:normal:400,4,1,7,body
Domine:normal:700,4,1,8,header
Donegal One:normal:400,3,1,8,body
Doppio One:normal:400,4,1,7,header
Dorsa:normal:400,3,1,1,header
Dosis:normal:200,2,1,6,header
Dosis:normal:300,2,1,6,header
Dosis:normal:400,3,1,6,header
Dosis:normal:500,3,1,6,body
Dosis:normal:600,4,1,6,body
Dosis:normal:700,4,1,6,header
Dosis:normal:800,5,1,7,header
Dr Sugiyama:normal:400,3,1,5,header
Duru Sans:normal:400,3,1,8,body
Dynalight:normal:400,3,7,5,header
EB Garamond:italic:400,2,-1,-1,?
EB Garamond:italic:500,3,-1,-1,?
EB Garamond:italic:600,3,-1,-1,?
EB Garamond:italic:700,3,-1,-1,?
EB Garamond:italic:800,4,-1,-1,?
EB Garamond:normal:400,3,1,6,body
EB Garamond:normal:500,3,-1,-1,?
EB Garamond:normal:600,3,-1,-1,?
EB Garamond:normal:700,3,-1,-1,?
EB Garamond:normal:800,4,-1,-1,?
Eagle Lake:normal:400,3,1,8,header
East Sea Dokdo:normal:400,3,-1,-1,?
Eater:normal:400,3,1,8,header
Economica:italic:400,3,4,5,header
Economica:italic:700,4,4,5,header
Economica:normal:400,3,1,5,header
Economica:normal:700,4,1,5,header
Eczar:normal:400,3,1,3,header
Eczar:normal:500,3,1,3,header
Eczar:normal:600,4,1,3,header
Eczar:normal:700,4,1,3,header
Eczar:normal:800,5,1,3,header
El Messiri:normal:400,3,-1,-1,?
El Messiri:normal:500,3,-1,-1,?
El Messiri:normal:600,3,-1,-1,?
El Messiri:normal:700,4,-1,-1,?
Electrolize:normal:400,3,1,7,body
Elsie Swash Caps:normal:400,3,1,7,body
Elsie Swash Caps:normal:900,5,1,8,header
Elsie:normal:400,3,1,7,header
Elsie:normal:900,5,1,8,header
Emblema One:normal:400,5,3,8,header
Emilys Candy:normal:400,3,1,7,body
Encode Sans Condensed:normal:100,2,1,6,header
Encode Sans Condensed:normal:200,2,1,6,header
Encode Sans Condensed:normal:300,3,1,6,header
Encode Sans Condensed:normal:400,3,1,6,header
Encode Sans Condensed:normal:500,4,1,7,body
Encode Sans Condensed:normal:600,4,1,7,header
Encode Sans Condensed:normal:700,5,1,7,header
Encode Sans Condensed:normal:800,5,1,7,header
Encode Sans Condensed:normal:900,6,1,7,header
Encode Sans Expanded:normal:100,2,-1,-1,?
Encode Sans Expanded:normal:200,2,-1,-1,?
Encode Sans Expanded:normal:300,2,-1,-1,?
Encode Sans Expanded:normal:400,3,-1,-1,?
Encode Sans Expanded:normal:500,3,-1,-1,?
Encode Sans Expanded:normal:600,4,-1,-1,?
Encode Sans Expanded:normal:700,5,-1,-1,?
Encode Sans Expanded:normal:800,5,-1,-1,?
Encode Sans Expanded:normal:900,6,-1,-1,?
Encode Sans Semi Condensed:normal:100,2,-1,-1,?
Encode Sans Semi Condensed:normal:200,2,-1,-1,?
Encode Sans Semi Condensed:normal:300,3,-1,-1,?
Encode Sans Semi Condensed:normal:400,3,-1,-1,?
Encode Sans Semi Condensed:normal:500,4,-1,-1,?
Encode Sans Semi Condensed:normal:600,4,-1,-1,?
Encode Sans Semi Condensed:normal:700,5,-1,-1,?
Encode Sans Semi Condensed:normal:800,5,-1,-1,?
Encode Sans Semi Condensed:normal:900,6,-1,-1,?
Encode Sans Semi Expanded:normal:100,2,-1,-1,?
Encode Sans Semi Expanded:normal:200,2,-1,-1,?
Encode Sans Semi Expanded:normal:300,2,-1,-1,?
Encode Sans Semi Expanded:normal:400,3,-1,-1,?
Encode Sans Semi Expanded:normal:500,4,-1,-1,?
Encode Sans Semi Expanded:normal:600,4,-1,-1,?
Encode Sans Semi Expanded:normal:700,5,-1,-1,?
Encode Sans Semi Expanded:normal:800,5,-1,-1,?
Encode Sans Semi Expanded:normal:900,6,-1,-1,?
Encode Sans:normal:100,2,1,7,header
Encode Sans:normal:200,2,1,7,header
Encode Sans:normal:300,2,1,7,header
Encode Sans:normal:400,3,1,7,body
Encode Sans:normal:500,4,1,7,header
Encode Sans:normal:600,4,1,8,header
Encode Sans:normal:700,5,1,8,header
Encode Sans:normal:800,5,1,8,header
Encode Sans:normal:900,6,1,8,header
Engagement:normal:400,4,2,1,header
Englebert:normal:400,6,1,6,body
Enriqueta:normal:400,3,1,7,body
Enriqueta:normal:700,4,1,7,header
Erica One:normal:400,6,1,8,header
Esteban:normal:400,3,1,7,body
Euphoria Script:normal:400,3,4,5,header
Ewert:normal:400,4,3,9,header
Exo 2:italic:100,1,4,7,header
Exo 2:italic:200,2,4,7,header
Exo 2:italic:300,2,4,7,header
Exo 2:italic:400,3,4,7,header
Exo 2:italic:500,3,4,7,header
Exo 2:italic:600,4,4,7,header
Exo 2:italic:700,4,4,7,header
Exo 2:italic:800,5,4,7,header
Exo 2:italic:900,5,4,8,header
Exo 2:normal:100,1,1,7,header
Exo 2:normal:200,2,1,7,header
Exo 2:normal:300,2,1,7,header
Exo 2:normal:400,3,1,7,header
Exo 2:normal:500,3,1,7,header
Exo 2:normal:600,4,1,7,header
Exo 2:normal:700,4,1,7,header
Exo 2:normal:800,5,1,7,header
Exo 2:normal:900,5,1,8,header
Exo:italic:100,1,4,7,header
Exo:italic:200,2,4,7,header
Exo:italic:300,2,4,7,header
Exo:italic:400,3,4,7,header
Exo:italic:500,3,4,7,header
Exo:italic:600,4,3,7,header
Exo:italic:700,4,4,7,header
Exo:italic:800,5,4,7,header
Exo:italic:900,5,4,7,header
Exo:normal:100,1,1,7,header
Exo:normal:200,2,1,7,header
Exo:normal:300,2,1,7,header
Exo:normal:400,3,1,7,header
Exo:normal:500,3,1,7,header
Exo:normal:600,4,1,7,header
Exo:normal:700,4,1,7,header
Exo:normal:800,5,1,7,header
Exo:normal:900,6,1,7,header
Expletus Sans:italic:400,3,3,7,header
Expletus Sans:italic:500,4,3,7,header
Expletus Sans:italic:600,4,3,7,header
Expletus Sans:italic:700,4,3,7,header
Expletus Sans:normal:400,3,1,7,header
Expletus Sans:normal:500,4,1,7,body
Expletus Sans:normal:600,4,1,7,header
Expletus Sans:normal:700,4,1,7,header
Fanwood Text:italic:400,3,4,6,header
Fanwood Text:normal:400,3,1,6,body
Farsan:normal:400,3,3,3,body
Fascinate Inline:normal:400,5,1,8,header
Fascinate:normal:400,6,1,8,header
Faster One:normal:400,6,4,8,header
Fasthand:normal:400,3,-1,-1,?
Fauna One:normal:400,3,1,8,body
Faustina:italic:400,3,-1,-1,?
Faustina:italic:500,3,-1,-1,?
Faustina:italic:600,4,-1,-1,?
Faustina:italic:700,4,-1,-1,?
Faustina:normal:400,3,-1,-1,?
Faustina:normal:500,3,-1,-1,?
Faustina:normal:600,4,-1,-1,?
Faustina:normal:700,4,-1,-1,?
Federant:normal:400,4,1,7,header
Federo:normal:400,3,1,6,header
Felipa:normal:400,3,4,6,header
Fenix:normal:400,3,1,6,body
Finger Paint:normal:400,3,1,8,header
Fira Mono:normal:400,3,-1,-1,?
Fira Mono:normal:500,4,-1,-1,?
Fira Mono:normal:700,5,-1,-1,?
Fira Sans Condensed:italic:100,1,-1,-1,?
Fira Sans Condensed:italic:200,2,-1,-1,?
Fira Sans Condensed:italic:300,2,-1,-1,?
Fira Sans Condensed:italic:400,3,-1,-1,?
Fira Sans Condensed:italic:500,4,-1,-1,?
Fira Sans Condensed:italic:600,5,-1,-1,?
Fira Sans Condensed:italic:700,5,-1,-1,?
Fira Sans Condensed:italic:800,6,-1,-1,?
Fira Sans Condensed:italic:900,6,-1,-1,?
Fira Sans Condensed:normal:100,1,-1,-1,?
Fira Sans Condensed:normal:200,2,-1,-1,?
Fira Sans Condensed:normal:300,2,-1,-1,?
Fira Sans Condensed:normal:400,3,-1,-1,?
Fira Sans Condensed:normal:500,4,-1,-1,?
Fira Sans Condensed:normal:600,5,-1,-1,?
Fira Sans Condensed:normal:700,5,-1,-1,?
Fira Sans Condensed:normal:800,6,-1,-1,?
Fira Sans Condensed:normal:900,6,-1,-1,?
Fira Sans Extra Condensed:italic:100,1,-1,-1,?
Fira Sans Extra Condensed:italic:200,2,-1,-1,?
Fira Sans Extra Condensed:italic:300,3,-1,-1,?
Fira Sans Extra Condensed:italic:400,4,-1,-1,?
Fira Sans Extra Condensed:italic:500,5,-1,-1,?
Fira Sans Extra Condensed:italic:600,5,-1,-1,?
Fira Sans Extra Condensed:italic:700,6,-1,-1,?
Fira Sans Extra Condensed:italic:800,6,-1,-1,?
Fira Sans Extra Condensed:italic:900,6,-1,-1,?
Fira Sans Extra Condensed:normal:100,1,-1,-1,?
Fira Sans Extra Condensed:normal:200,2,-1,-1,?
Fira Sans Extra Condensed:normal:300,3,-1,-1,?
Fira Sans Extra Condensed:normal:400,4,-1,-1,?
Fira Sans Extra Condensed:normal:500,5,-1,-1,?
Fira Sans Extra Condensed:normal:600,5,-1,-1,?
Fira Sans Extra Condensed:normal:700,6,-1,-1,?
Fira Sans Extra Condensed:normal:800,6,-1,-1,?
Fira Sans Extra Condensed:normal:900,6,-1,-1,?
Fira Sans:italic:100,1,-1,-1,?
Fira Sans:italic:200,2,-1,-1,?
Fira Sans:italic:300,2,3,7,header
Fira Sans:italic:400,3,-1,-1,?
Fira Sans:italic:500,4,-1,-1,?
Fira Sans:italic:600,5,-1,-1,?
Fira Sans:italic:700,5,-1,-1,?
Fira Sans:italic:800,6,-1,-1,?
Fira Sans:italic:900,6,-1,-1,?
Fira Sans:normal:100,1,-1,-1,?
Fira Sans:normal:200,2,-1,-1,?
Fira Sans:normal:300,2,-1,-1,?
Fira Sans:normal:400,3,-1,-1,?
Fira Sans:normal:500,4,-1,-1,?
Fira Sans:normal:600,5,-1,-1,?
Fira Sans:normal:700,5,-1,-1,?
Fira Sans:normal:800,6,-1,-1,?
Fira Sans:normal:900,6,-1,-1,?
Fjalla One:normal:400,5,1,6,body
Fjord One:normal:400,3,1,7,body
Flamenco:normal:300,1,1,6,header
Flamenco:normal:400,3,1,6,header
Flavors:normal:400,4,1,7,body
Fondamento:italic:400,3,4,7,header
Fondamento:normal:400,3,1,7,header
Fontdiner Swanky:normal:400,4,1,8,header
Forum:normal:400,3,1,6,header
Francois One:normal:400,4,1,7,body
Frank Ruhl Libre:normal:300,3,-1,-1,?
Frank Ruhl Libre:normal:400,3,-1,-1,?
Frank Ruhl Libre:normal:500,4,-1,-1,?
Frank Ruhl Libre:normal:700,4,-1,-1,?
Frank Ruhl Libre:normal:900,4,-1,-1,?
Freckle Face:normal:400,5,3,7,header
Fredericka the Great:normal:400,3,1,7,header
Fredoka One:normal:400,5,1,7,header
Freehand:normal:400,1,-1,-1,?
Fresca:normal:400,4,1,6,body
Frijole:normal:400,5,1,9,header
Fruktur:normal:400,6,1,7,header
Fugaz One:normal:400,5,4,8,header
GFS Didot:normal:400,3,1,7,body
GFS Neohellenic:italic:400,3,5,6,header
GFS Neohellenic:italic:700,4,5,7,header
GFS Neohellenic:normal:400,3,1,6,header
GFS Neohellenic:normal:700,4,1,6,header
Gabriela:normal:400,3,1,8,body
Gaegu:normal:300,2,-1,-1,?
Gaegu:normal:400,3,-1,-1,?
Gaegu:normal:700,3,-1,-1,?
Gafata:normal:400,3,1,7,body
Galada:normal:400,4,4,4,header
Galdeano:normal:400,3,1,6,header
Galindo:normal:400,5,1,8,header
Gamja Flower:normal:400,3,-1,-1,?
Gentium Basic:italic:400,3,3,6,header
Gentium Basic:italic:700,4,3,6,header
Gentium Basic:normal:400,3,1,7,body
Gentium Basic:normal:700,4,1,7,header
Gentium Book Basic:italic:400,3,3,6,header
Gentium Book Basic:italic:700,4,4,7,header
Gentium Book Basic:normal:400,3,1,7,body
Gentium Book Basic:normal:700,4,1,7,header
Geo:italic:400,3,4,6,header
Geo:normal:400,3,1,6,header
Geostar Fill:normal:400,3,1,9,header
Geostar:normal:400,3,1,9,header
Germania One:normal:400,5,1,6,header
Gidugu:normal:400,3,1,4,header
Gilda Display:normal:400,2,1,7,header
Give You Glory:normal:400,2,1,7,header
Glass Antiqua:normal:400,3,1,6,body
Glegoo:normal:400,2,1,8,body
Glegoo:normal:700,3,1,8,body
Gloria Hallelujah:normal:400,2,1,8,header
Goblin One:normal:400,5,1,9,header
Gochi Hand:normal:400,4,1,7,header
Gorditas:normal:400,5,1,8,header
Gorditas:normal:700,5,1,8,header
Gothic A1:normal:100,2,-1,-1,?
Gothic A1:normal:200,2,-1,-1,?
Gothic A1:normal:300,3,-1,-1,?
Gothic A1:normal:400,3,-1,-1,?
Gothic A1:normal:500,4,-1,-1,?
Gothic A1:normal:600,5,-1,-1,?
Gothic A1:normal:700,5,-1,-1,?
Gothic A1:normal:800,6,-1,-1,?
Gothic A1:normal:900,6,-1,-1,?
Goudy Bookletter 1911:normal:400,3,1,6,header
Graduate:normal:400,4,1,8,header
Grand Hotel:normal:400,4,1,5,header
Gravitas One:normal:400,5,1,9,header
Great Vibes:normal:400,3,8,5,header
Griffy:normal:400,3,1,7,header
Gruppo:normal:400,2,1,7,header
Gudea:italic:400,3,4,6,header
Gudea:normal:400,3,1,7,body
Gudea:normal:700,4,1,7,header
Gugi:normal:400,5,-1,-1,?
Gurajada:normal:400,3,1,4,header
Habibi:normal:400,3,1,7,body
Halant:normal:300,2,1,7,header
Halant:normal:400,2,1,7,body
Halant:normal:500,3,1,7,body
Halant:normal:600,4,1,7,header
Halant:normal:700,4,1,7,header
Hammersmith One:normal:400,4,1,7,header
Hanalei Fill:normal:400,6,1,7,header
Hanalei:normal:400,2,1,7,header
Handlee:normal:400,3,1,6,header
Hanuman:normal:400,3,1,7,body
Hanuman:normal:700,3,1,7,header
Happy Monkey:normal:400,3,1,8,header
Harmattan:normal:400,3,-1,-1,?
Headland One:normal:400,3,1,8,body
Heebo:normal:100,1,1,4,body
Heebo:normal:300,2,1,4,body
Heebo:normal:400,3,1,4,body
Heebo:normal:500,4,1,4,body
Heebo:normal:700,4,1,4,body
Heebo:normal:800,4,1,4,body
Heebo:normal:900,5,1,4,body
Henny Penny:normal:400,3,1,7,header
Herr Von Muellerhoff:normal:400,2,9,4,header
Hi Melody:normal:400,3,-1,-1,?
Hind Guntur:normal:300,2,-1,-1,?
Hind Guntur:normal:400,3,-1,-1,?
Hind Guntur:normal:500,3,-1,-1,?
Hind Guntur:normal:600,4,-1,-1,?
Hind Guntur:normal:700,4,-1,-1,?
Hind Madurai:normal:300,3,-1,-1,?
Hind Madurai:normal:400,3,-1,-1,?
Hind Madurai:normal:500,4,-1,-1,?
Hind Madurai:normal:600,4,-1,-1,?
Hind Madurai:normal:700,5,-1,-1,?
Hind Siliguri:normal:300,2,-1,-1,?
Hind Siliguri:normal:400,3,-1,-1,?
Hind Siliguri:normal:500,3,-1,-1,?
Hind Siliguri:normal:600,4,-1,-1,?
Hind Siliguri:normal:700,4,-1,-1,?
Hind Vadodara:normal:300,2,-1,-1,?
Hind Vadodara:normal:400,3,-1,-1,?
Hind Vadodara:normal:500,3,-1,-1,?
Hind Vadodara:normal:600,4,-1,-1,?
Hind Vadodara:normal:700,4,-1,-1,?
Hind:normal:300,3,1,7,header
Hind:normal:400,3,1,7,body
Hind:normal:500,4,1,7,body
Hind:normal:600,4,1,7,header
Hind:normal:700,5,1,7,header
Holtwood One SC:normal:400,6,1,9,header
Homemade Apple:normal:400,3,6,8,header
Homenaje:normal:400,4,1,5,header
IBM Plex Mono:italic:100,1,-1,-1,?
IBM Plex Mono:italic:200,2,-1,-1,?
IBM Plex Mono:italic:300,2,-1,-1,?
IBM Plex Mono:italic:400,3,-1,-1,?
IBM Plex Mono:italic:500,4,-1,-1,?
IBM Plex Mono:italic:600,4,-1,-1,?
IBM Plex Mono:italic:700,5,-1,-1,?
IBM Plex Mono:normal:100,1,-1,-1,?
IBM Plex Mono:normal:200,2,-1,-1,?
IBM Plex Mono:normal:300,2,-1,-1,?
IBM Plex Mono:normal:400,3,-1,-1,?
IBM Plex Mono:normal:500,4,-1,-1,?
IBM Plex Mono:normal:600,4,-1,-1,?
IBM Plex Mono:normal:700,5,-1,-1,?
IBM Plex Sans Condensed:italic:100,1,-1,-1,?
IBM Plex Sans Condensed:italic:200,2,-1,-1,?
IBM Plex Sans Condensed:italic:300,2,-1,-1,?
IBM Plex Sans Condensed:italic:400,3,-1,-1,?
IBM Plex Sans Condensed:italic:500,4,-1,-1,?
IBM Plex Sans Condensed:italic:600,4,-1,-1,?
IBM Plex Sans Condensed:italic:700,4,-1,-1,?
IBM Plex Sans Condensed:normal:100,1,-1,-1,?
IBM Plex Sans Condensed:normal:200,2,-1,-1,?
IBM Plex Sans Condensed:normal:300,2,-1,-1,?
IBM Plex Sans Condensed:normal:400,3,-1,-1,?
IBM Plex Sans Condensed:normal:500,4,-1,-1,?
IBM Plex Sans Condensed:normal:600,4,-1,-1,?
IBM Plex Sans Condensed:normal:700,4,-1,-1,?
IBM Plex Sans:italic:100,1,-1,-1,?
IBM Plex Sans:italic:200,2,-1,-1,?
IBM Plex Sans:italic:300,2,-1,-1,?
IBM Plex Sans:italic:400,3,-1,-1,?
IBM Plex Sans:italic:500,4,-1,-1,?
IBM Plex Sans:italic:600,4,-1,-1,?
IBM Plex Sans:italic:700,4,-1,-1,?
IBM Plex Sans:normal:100,1,-1,-1,?
IBM Plex Sans:normal:200,2,-1,-1,?
IBM Plex Sans:normal:300,2,-1,-1,?
IBM Plex Sans:normal:400,3,-1,-1,?
IBM Plex Sans:normal:500,4,-1,-1,?
IBM Plex Sans:normal:600,4,-1,-1,?
IBM Plex Sans:normal:700,4,-1,-1,?
IBM Plex Serif:italic:100,2,-1,-1,?
IBM Plex Serif:italic:200,2,-1,-1,?
IBM Plex Serif:italic:300,2,-1,-1,?
IBM Plex Serif:italic:400,3,-1,-1,?
IBM Plex Serif:italic:500,4,-1,-1,?
IBM Plex Serif:italic:600,4,-1,-1,?
IBM Plex Serif:italic:700,4,-1,-1,?
IBM Plex Serif:normal:100,2,-1,-1,?
IBM Plex Serif:normal:200,2,-1,-1,?
IBM Plex Serif:normal:300,2,-1,-1,?
IBM Plex Serif:normal:400,3,-1,-1,?
IBM Plex Serif:normal:500,4,-1,-1,?
IBM Plex Serif:normal:600,4,-1,-1,?
IBM Plex Serif:normal:700,4,-1,-1,?
IM Fell DW Pica SC:normal:400,3,1,7,header
IM Fell DW Pica:italic:400,4,7,6,header
IM Fell DW Pica:normal:400,3,1,6,header
IM Fell Double Pica SC:normal:400,3,1,7,header
IM Fell Double Pica:italic:400,3,6,6,header
IM Fell Double Pica:normal:400,3,1,6,body
IM Fell English SC:normal:400,3,1,7,header
IM Fell English:italic:400,3,6,6,header
IM Fell English:normal:400,3,1,7,header
IM Fell French Canon SC:normal:400,3,1,7,header
IM Fell French Canon:italic:400,3,7,6,header
IM Fell French Canon:normal:400,3,1,7,header
IM Fell Great Primer SC:normal:400,3,1,7,header
IM Fell Great Primer:italic:400,3,6,6,header
IM Fell Great Primer:normal:400,3,2,6,header
Iceberg:normal:400,4,1,6,header
Iceland:normal:400,3,1,6,body
Imprima:normal:400,3,1,7,body
Inconsolata:normal:400,3,1,7,header
Inconsolata:normal:700,4,1,7,header
Inder:normal:400,3,1,7,header
Indie Flower:normal:400,2,1,7,header
Inika:normal:400,3,1,7,body
Inika:normal:700,4,1,7,header
Inknut Antiqua:normal:300,2,1,8,body
Inknut Antiqua:normal:400,2,1,8,body
Inknut Antiqua:normal:500,3,1,8,body
Inknut Antiqua:normal:600,3,1,8,header
Inknut Antiqua:normal:700,3,1,8,header
Inknut Antiqua:normal:800,3,1,8,header
Inknut Antiqua:normal:900,4,1,9,header
Irish Grover:normal:400,4,1,7,header
Istok Web:italic:400,3,-1,-1,?
Istok Web:italic:700,3,4,7,header
Istok Web:normal:400,3,-1,-1,?
Istok Web:normal:700,4,1,7,header
Italiana:normal:400,2,1,7,header
Italianno:normal:400,2,8,4,header
Itim:normal:400,3,1,4,body
Jacques Francois Shadow:normal:400,3,1,8,header
Jacques Francois:normal:400,3,1,7,header
Jaldi:normal:400,3,1,4,body
Jaldi:normal:700,4,1,4,body
Jim Nightshade:normal:400,3,4,5,header
Jockey One:normal:400,5,1,6,header
Jolly Lodger:normal:400,5,1,2,header
Jomhuria:normal:400,5,1,3,header
Josefin Sans:italic:100,1,4,6,header
Josefin Sans:italic:300,2,3,6,header
Josefin Sans:italic:400,4,3,6,header
Josefin Sans:italic:600,4,3,6,header
Josefin Sans:italic:700,5,3,6,header
Josefin Sans:normal:100,1,1,6,header
Josefin Sans:normal:300,2,1,6,header
Josefin Sans:normal:400,4,1,6,header
Josefin Sans:normal:600,4,1,6,header
Josefin Sans:normal:700,5,1,6,body
Josefin Slab:italic:100,1,1,7,header
Josefin Slab:italic:300,2,4,7,header
Josefin Slab:italic:400,2,3,7,header
Josefin Slab:italic:600,3,3,7,header
Josefin Slab:italic:700,4,3,7,header
Josefin Slab:normal:100,1,1,7,header
Josefin Slab:normal:300,2,1,7,header
Josefin Slab:normal:400,2,1,7,header
Josefin Slab:normal:600,3,1,7,header
Josefin Slab:normal:700,4,1,7,body
Joti One:normal:400,4,1,8,header
Jua:normal:400,5,-1,-1,?
Judson:italic:400,3,4,7,header
Judson:normal:400,3,1,7,body
Judson:normal:700,3,1,7,header
Julee:normal:400,3,1,6,header
Julius Sans One:normal:400,2,1,8,header
Junge:normal:400,2,1,7,body
Jura:normal:300,2,1,7,header
Jura:normal:400,2,1,7,header
Jura:normal:500,3,1,7,header
Jura:normal:600,3,1,8,body
Jura:normal:700,3,-1,-1,?
Just Another Hand:normal:400,5,1,1,header
Just Me Again Down Here:normal:400,3,1,5,header
Kadwa:normal:400,3,1,5,body
Kadwa:normal:700,4,1,5,body
Kalam:normal:300,2,5,7,header
Kalam:normal:400,3,5,7,header
Kalam:normal:700,4,5,7,header
Kameron:normal:400,3,1,7,body
Kameron:normal:700,4,1,8,header
Kanit:italic:100,1,5,4,body
Kanit:italic:200,2,5,4,body
Kanit:italic:300,3,5,4,body
Kanit:italic:400,3,5,4,body
Kanit:italic:500,4,5,4,body
Kanit:italic:600,4,5,4,body
Kanit:italic:700,5,5,4,body
Kanit:italic:800,5,5,4,body
Kanit:italic:900,6,5,4,body
Kanit:normal:100,1,1,4,body
Kanit:normal:200,2,1,4,body
Kanit:normal:300,3,1,4,body
Kanit:normal:400,3,1,4,body
Kanit:normal:500,4,1,4,body
Kanit:normal:600,4,1,4,body
Kanit:normal:700,5,1,4,body
Kanit:normal:800,5,1,4,body
Kanit:normal:900,6,1,4,body
Kantumruy:normal:300,1,-1,-1,?
Kantumruy:normal:400,1,-1,-1,?
Kantumruy:normal:700,1,-1,-1,?
Karla:italic:400,3,2,6,header
Karla:italic:700,4,2,7,header
Karla:normal:400,3,1,7,body
Karla:normal:700,4,1,7,header
Karma:normal:300,3,1,7,header
Karma:normal:400,3,1,7,header
Karma:normal:500,3,1,7,body
Karma:normal:600,4,1,7,body
Karma:normal:700,4,1,7,header
Katibeh:normal:400,5,1,3,header
Kaushan Script:normal:400,3,7,6,header
Kavivanar:normal:400,3,1,3,header
Kavoon:normal:400,6,1,8,header
Kdam Thmor:normal:400,1,-1,-1,?
Keania One:normal:400,5,1,7,header
Kelly Slab:normal:400,3,1,7,body
Kenia:normal:400,6,1,6,body
Khand:normal:300,2,-1,-1,?
Khand:normal:400,3,-1,-1,?
Khand:normal:500,4,1,6,body
Khand:normal:600,5,-1,-1,?
Khand:normal:700,5,-1,-1,?
Khmer:normal:400,1,-1,-1,?
Khula:normal:300,2,1,7,header
Khula:normal:400,3,1,7,body
Khula:normal:600,4,-1,-1,?
Khula:normal:700,4,1,7,header
Khula:normal:800,5,1,8,header
Kirang Haerang:normal:400,4,-1,-1,?
Kite One:normal:400,3,4,7,header
Knewave:normal:400,5,7,7,header
Kotta One:normal:400,3,3,7,header
Koulen:normal:400,1,-1,-1,?
Kranky:normal:400,2,1,7,header
Kreon:normal:300,3,1,6,body
Kreon:normal:400,4,1,6,body
Kreon:normal:700,4,1,7,header
Kristi:normal:400,3,7,1,header
Krona One:normal:400,4,1,9,header
Kurale:normal:400,3,1,3,header
La Belle Aurore:normal:400,2,8,7,header
Laila:normal:300,2,1,7,header
Laila:normal:400,3,1,7,body
Laila:normal:500,3,1,7,body
Laila:normal:600,3,1,8,header
Laila:normal:700,4,1,8,header
Lakki Reddy:normal:400,4,1,7,body
Lalezar:normal:400,4,-1,-1,?
Lancelot:normal:400,3,1,6,body
Lateef:normal:400,2,1,5,body
Lato:italic:100,1,6,6,header
Lato:italic:300,2,4,6,header
Lato:italic:400,3,3,6,header
Lato:italic:700,4,3,7,header
Lato:italic:900,5,3,7,header
Lato:normal:100,1,1,6,header
Lato:normal:300,2,1,7,header
Lato:normal:400,3,1,7,body
Lato:normal:700,4,1,7,header
Lato:normal:900,5,1,7,header
League Script:normal:400,1,8,7,header
Leckerli One:normal:400,5,4,7,header
Ledger:normal:400,3,1,8,body
Lekton:italic:400,3,4,7,header
Lekton:normal:400,3,1,7,header
Lekton:normal:700,4,1,7,header
Lemon:normal:400,5,4,8,header
Lemonada:normal:300,3,-1,-1,?
Lemonada:normal:400,3,-1,-1,?
Lemonada:normal:600,4,-1,-1,?
Lemonada:normal:700,4,-1,-1,?
Libre Barcode 128 Text:normal:400,5,-1,-1,?
Libre Barcode 128:normal:400,6,-1,-1,?
Libre Barcode 39 Extended Text:normal:400,4,-1,-1,?
Libre Barcode 39 Extended:normal:400,6,-1,-1,?
Libre Barcode 39 Text:normal:400,5,-1,-1,?
Libre Barcode 39:normal:400,6,-1,-1,?
Libre Baskerville:italic:400,3,5,7,header
Libre Baskerville:normal:400,3,1,8,body
Libre Baskerville:normal:700,4,1,8,header
Libre Franklin:italic:100,2,-1,-1,?
Libre Franklin:italic:200,2,-1,-1,?
Libre Franklin:italic:300,3,-1,-1,?
Libre Franklin:italic:400,3,-1,-1,?
Libre Franklin:italic:500,4,-1,-1,?
Libre Franklin:italic:600,4,-1,-1,?
Libre Franklin:italic:700,5,-1,-1,?
Libre Franklin:italic:800,5,-1,-1,?
Libre Franklin:italic:900,6,-1,-1,?
Libre Franklin:normal:100,2,-1,-1,?
Libre Franklin:normal:200,2,-1,-1,?
Libre Franklin:normal:300,3,-1,-1,?
Libre Franklin:normal:400,3,-1,-1,?
Libre Franklin:normal:500,4,-1,-1,?
Libre Franklin:normal:600,4,-1,-1,?
Libre Franklin:normal:700,5,-1,-1,?
Libre Franklin:normal:800,5,-1,-1,?
Libre Franklin:normal:900,6,-1,-1,?
Life Savers:normal:400,2,1,7,header
Life Savers:normal:700,3,1,7,header
Lilita One:normal:400,6,1,7,header
Lily Script One:normal:400,5,3,7,header
Limelight:normal:400,5,1,8,header
Linden Hill:italic:400,3,2,5,header
Linden Hill:normal:400,3,1,6,body
Lobster Two:italic:400,4,5,6,header
Lobster Two:italic:700,4,5,6,header
Lobster Two:normal:400,4,1,6,header
Lobster Two:normal:700,4,1,6,header
Lobster:normal:400,4,5,6,header
Londrina Outline:normal:400,1,1,6,header
Londrina Shadow:normal:400,2,1,6,header
Londrina Sketch:normal:400,2,1,6,header
Londrina Solid:normal:100,3,-1,-1,?
Londrina Solid:normal:300,4,-1,-1,?
Londrina Solid:normal:400,6,1,6,header
Londrina Solid:normal:900,7,-1,-1,?
Lora:italic:400,3,2,7,header
Lora:italic:700,4,3,7,header
Lora:normal:400,3,1,7,body
Lora:normal:700,4,1,7,header
Love Ya Like A Sister:normal:400,4,1,7,header
Loved by the King:normal:400,2,1,5,header
Lovers Quarrel:normal:400,2,5,3,header
Luckiest Guy:normal:400,8,1,8,header
Lusitana:normal:400,3,1,7,header
Lusitana:normal:700,4,1,7,header
Lustria:normal:400,3,1,7,body
Macondo Swash Caps:normal:400,3,1,7,header
Macondo:normal:400,3,1,7,header
Mada:normal:200,2,-1,-1,?
Mada:normal:300,2,-1,-1,?
Mada:normal:400,3,-1,-1,?
Mada:normal:500,4,-1,-1,?
Mada:normal:600,4,-1,-1,?
Mada:normal:700,5,-1,-1,?
Mada:normal:900,5,-1,-1,?
Magra:normal:400,4,1,6,body
Magra:normal:700,5,1,7,header
Maiden Orange:normal:400,5,1,5,body
Maitree:normal:200,1,-1,-1,?
Maitree:normal:300,2,-1,-1,?
Maitree:normal:400,2,-1,-1,?
Maitree:normal:500,3,-1,-1,?
Maitree:normal:600,3,-1,-1,?
Maitree:normal:700,4,-1,-1,?
Mako:normal:400,3,1,7,body
Mallanna:normal:400,2,1,6,body
Mandali:normal:400,2,1,7,body
Manuale:italic:400,3,-1,-1,?
Manuale:italic:500,3,-1,-1,?
Manuale:italic:600,4,-1,-1,?
Manuale:italic:700,4,-1,-1,?
Manuale:normal:400,3,-1,-1,?
Manuale:normal:500,3,-1,-1,?
Manuale:normal:600,4,-1,-1,?
Manuale:normal:700,4,-1,-1,?
Marcellus SC:normal:400,3,1,7,header
Marcellus:normal:400,3,1,7,body
Marck Script:normal:400,3,7,7,header
Margarine:normal:400,4,1,7,header
Marko One:normal:400,4,1,8,header
Marmelad:normal:400,3,1,7,header
Martel Sans:normal:200,2,1,4,body
Martel Sans:normal:300,3,1,4,body
Martel Sans:normal:400,3,1,4,body
Martel Sans:normal:600,3,1,4,body
Martel Sans:normal:700,4,1,4,body
Martel Sans:normal:800,4,1,4,body
Martel Sans:normal:900,4,1,4,body
Martel:normal:200,2,-1,-1,?
Martel:normal:300,2,1,4,body
Martel:normal:400,3,1,4,body
Martel:normal:600,3,1,4,body
Martel:normal:700,3,1,4,body
Martel:normal:800,4,1,4,body
Martel:normal:900,4,1,4,body
Marvel:italic:400,3,4,6,header
Marvel:italic:700,3,4,6,header
Marvel:normal:400,3,1,6,header
Marvel:normal:700,3,1,6,header
Mate SC:normal:400,3,1,7,header
Mate:italic:400,3,4,6,header
Mate:normal:400,3,1,7,body
Maven Pro:normal:400,3,1,7,body
Maven Pro:normal:500,4,1,7,header
Maven Pro:normal:700,4,1,7,header
Maven Pro:normal:900,5,1,8,header
McLaren:normal:400,3,1,8,header
Meddon:normal:400,3,5,4,header
MedievalSharp:normal:400,3,1,7,body
Medula One:normal:400,5,1,1,header
Meera Inimai:normal:400,3,-1,-1,?
Megrim:normal:400,2,1,7,header
Meie Script:normal:400,2,9,6,header
Merienda One:normal:400,4,3,8,header
Merienda:normal:400,3,3,8,header
Merienda:normal:700,4,3,8,header
Merriweather Sans:italic:300,3,3,7,header
Merriweather Sans:italic:400,3,3,7,header
Merriweather Sans:italic:700,4,3,7,header
Merriweather Sans:italic:800,5,3,7,header
Merriweather Sans:normal:300,3,1,8,body
Merriweather Sans:normal:400,3,1,8,body
Merriweather Sans:normal:700,4,1,8,header
Merriweather Sans:normal:800,5,1,8,header
Merriweather:italic:300,3,3,7,header
Merriweather:italic:400,3,3,7,header
Merriweather:italic:700,4,3,7,header
Merriweather:italic:900,4,3,7,header
Merriweather:normal:300,3,1,8,header
Merriweather:normal:400,3,1,8,header
Merriweather:normal:700,4,1,8,header
Merriweather:normal:900,5,1,8,header
Metal Mania:normal:400,4,1,6,header
Metal:normal:400,1,-1,-1,?
Metamorphous:normal:400,3,1,8,body
Metrophobic:normal:400,3,1,7,body
Michroma:normal:400,3,1,8,header
Milonga:normal:400,3,1,7,body
Miltonian Tattoo:normal:400,4,1,8,header
Miltonian:normal:400,3,1,8,header
Mina:normal:400,3,-1,-1,?
Mina:normal:700,4,-1,-1,?
Miniver:normal:400,4,5,7,header
Miriam Libre:normal:400,3,1,3,body
Miriam Libre:normal:700,4,1,3,body
Mirza:normal:400,4,-1,-1,?
Mirza:normal:500,5,-1,-1,?
Mirza:normal:600,5,-1,-1,?
Mirza:normal:700,5,-1,-1,?
Miss Fajardose:normal:400,2,9,3,header
Mitr:normal:200,2,-1,-1,?
Mitr:normal:300,3,-1,-1,?
Mitr:normal:400,4,-1,-1,?
Mitr:normal:500,4,-1,-1,?
Mitr:normal:600,5,-1,-1,?
Mitr:normal:700,5,-1,-1,?
Modak:normal:400,7,1,4,header
Modern Antiqua:normal:400,3,1,8,header
Mogra:normal:400,6,-1,-1,?
Molengo:normal:400,3,1,7,body
Molle:italic:400,5,8,7,header
Monda:normal:400,3,1,7,header
Monda:normal:700,3,1,7,header
Monofett:normal:400,7,1,7,header
Monoton:normal:400,3,1,8,header
Monsieur La Doulaise:normal:400,2,10,5,header
Montaga:normal:400,3,1,7,body
Montez:normal:400,3,1,5,header
Montserrat Alternates:italic:100,1,-1,-1,?
Montserrat Alternates:italic:200,2,-1,-1,?
Montserrat Alternates:italic:300,2,-1,-1,?
Montserrat Alternates:italic:400,3,-1,-1,?
Montserrat Alternates:italic:500,3,-1,-1,?
Montserrat Alternates:italic:600,4,-1,-1,?
Montserrat Alternates:italic:700,5,-1,-1,?
Montserrat Alternates:italic:800,5,-1,-1,?
Montserrat Alternates:italic:900,6,-1,-1,?
Montserrat Alternates:normal:100,1,-1,-1,?
Montserrat Alternates:normal:200,2,-1,-1,?
Montserrat Alternates:normal:300,2,-1,-1,?
Montserrat Alternates:normal:400,3,1,8,header
Montserrat Alternates:normal:500,3,-1,-1,?
Montserrat Alternates:normal:600,4,-1,-1,?
Montserrat Alternates:normal:700,5,1,8,header
Montserrat Alternates:normal:800,5,-1,-1,?
Montserrat Alternates:normal:900,6,-1,-1,?
Montserrat Subrayada:normal:400,4,1,8,header
Montserrat Subrayada:normal:700,5,1,8,header
Montserrat:italic:100,1,-1,-1,?
Montserrat:italic:200,2,-1,-1,?
Montserrat:italic:300,2,-1,-1,?
Montserrat:italic:400,3,-1,-1,?
Montserrat:italic:500,3,-1,-1,?
Montserrat:italic:600,4,-1,-1,?
Montserrat:italic:700,5,-1,-1,?
Montserrat:italic:800,5,-1,-1,?
Montserrat:italic:900,6,-1,-1,?
Montserrat:normal:100,1,1,7,header
Montserrat:normal:200,2,-1,-1,?
Montserrat:normal:300,2,1,8,body
Montserrat:normal:400,3,1,8,header
Montserrat:normal:500,3,-1,-1,?
Montserrat:normal:600,4,-1,-1,?
Montserrat:normal:700,5,1,8,header
Montserrat:normal:800,5,-1,-1,?
Montserrat:normal:900,6,1,8,header
Moul:normal:400,1,-1,-1,?
Moulpali:normal:400,1,-1,-1,?
Mountains of Christmas:normal:400,2,1,6,header
Mountains of Christmas:normal:700,3,1,6,body
Mouse Memoirs:normal:400,5,1,2,header
Mr Bedfort:normal:400,3,1,6,header
Mr Dafoe:normal:400,4,10,6,header
Mr De Haviland:normal:400,2,9,4,header
Mrs Saint Delafield:normal:400,2,9,4,header
Mrs Sheppards:normal:400,6,10,5,header
Mukta Mahee:normal:200,2,-1,-1,?
Mukta Mahee:normal:300,2,-1,-1,?
Mukta Mahee:normal:400,3,-1,-1,?
Mukta Mahee:normal:500,3,-1,-1,?
Mukta Mahee:normal:600,3,-1,-1,?
Mukta Mahee:normal:700,4,-1,-1,?
Mukta Mahee:normal:800,4,-1,-1,?
Mukta Malar:normal:200,2,-1,-1,?
Mukta Malar:normal:300,2,-1,-1,?
Mukta Malar:normal:400,3,-1,-1,?
Mukta Malar:normal:500,3,-1,-1,?
Mukta Malar:normal:600,3,-1,-1,?
Mukta Malar:normal:700,4,-1,-1,?
Mukta Malar:normal:800,4,-1,-1,?
Mukta Vaani:normal:200,2,-1,-1,?
Mukta Vaani:normal:300,2,-1,-1,?
Mukta Vaani:normal:400,3,-1,-1,?
Mukta Vaani:normal:500,3,-1,-1,?
Mukta Vaani:normal:600,3,-1,-1,?
Mukta Vaani:normal:700,4,-1,-1,?
Mukta Vaani:normal:800,4,-1,-1,?
Mukta:normal:200,2,-1,-1,?
Mukta:normal:300,2,-1,-1,?
Mukta:normal:400,3,-1,-1,?
Mukta:normal:500,3,-1,-1,?
Mukta:normal:600,3,-1,-1,?
Mukta:normal:700,4,-1,-1,?
Mukta:normal:800,4,-1,-1,?
Muli:italic:200,2,-1,-1,?
Muli:italic:300,2,2,7,header
Muli:italic:400,3,2,7,header
Muli:italic:600,3,-1,-1,?
Muli:italic:700,4,-1,-1,?
Muli:italic:800,4,-1,-1,?
Muli:italic:900,5,-1,-1,?
Muli:normal:200,2,-1,-1,?
Muli:normal:300,2,1,7,header
Muli:normal:400,3,1,7,body
Muli:normal:600,3,-1,-1,?
Muli:normal:700,4,-1,-1,?
Muli:normal:800,4,-1,-1,?
Muli:normal:900,5,-1,-1,?
Mystery Quest:normal:400,3,1,7,header
NTR:normal:400,2,1,6,body
Nanum Brush Script:normal:400,2,1,5,header
Nanum Gothic Coding:normal:400,3,1,10,header
Nanum Gothic Coding:normal:700,4,1,10,body
Nanum Gothic:normal:400,3,1,7,body
Nanum Gothic:normal:700,5,1,7,header
Nanum Myeongjo:normal:400,3,1,7,header
Nanum Myeongjo:normal:700,4,1,7,header
Nanum Pen Script:normal:400,3,1,6,header
Neucha:normal:400,4,1,6,body
Neuton:italic:400,3,4,6,header
Neuton:normal:200,2,1,6,header
Neuton:normal:300,2,1,6,body
Neuton:normal:400,3,1,6,header
Neuton:normal:700,4,1,6,header
Neuton:normal:800,4,1,7,header
New Rocker:normal:400,5,1,7,body
News Cycle:normal:400,3,1,3,body
News Cycle:normal:700,4,1,4,body
Niconne:normal:400,3,6,5,header
Nixie One:normal:400,2,1,8,header
Nobile:italic:400,3,3,7,header
Nobile:italic:500,3,4,7,header
Nobile:italic:700,4,4,7,header
Nobile:normal:400,4,1,7,body
Nobile:normal:500,5,1,8,body
Nobile:normal:700,6,1,8,header
Nokora:normal:400,1,-1,-1,?
Nokora:normal:700,1,-1,-1,?
Norican:normal:400,4,5,6,header
Nosifer:normal:400,4,1,9,header
Nothing You Could Do:normal:400,2,8,8,header
Noticia Text:italic:400,3,3,7,header
Noticia Text:italic:700,4,3,8,header
Noticia Text:normal:400,3,1,7,body
Noticia Text:normal:700,4,1,8,header
Noto Sans:italic:400,3,5,7,header
Noto Sans:italic:700,4,5,7,header
Noto Sans:normal:400,3,1,7,body
Noto Sans:normal:700,4,1,8,header
Noto Serif:italic:400,3,4,7,header
Noto Serif:italic:700,4,5,8,header
Noto Serif:normal:400,3,1,8,header
Noto Serif:normal:700,4,1,8,header
Nova Cut:normal:400,3,1,8,header
Nova Flat:normal:400,4,1,7,header
Nova Mono:normal:400,3,1,8,header
Nova Oval:normal:400,3,1,7,header
Nova Round:normal:400,3,1,7,body
Nova Script:normal:400,3,4,7,header
Nova Slim:normal:400,3,1,7,header
Nova Square:normal:400,4,1,7,header
Numans:normal:400,3,1,8,body
Nunito Sans:italic:200,2,-1,-1,?
Nunito Sans:italic:300,2,-1,-1,?
Nunito Sans:italic:400,3,-1,-1,?
Nunito Sans:italic:600,3,-1,-1,?
Nunito Sans:italic:700,4,-1,-1,?
Nunito Sans:italic:800,4,-1,-1,?
Nunito Sans:italic:900,5,-1,-1,?
Nunito Sans:normal:200,2,-1,-1,?
Nunito Sans:normal:300,2,-1,-1,?
Nunito Sans:normal:400,3,-1,-1,?
Nunito Sans:normal:600,3,-1,-1,?
Nunito Sans:normal:700,4,-1,-1,?
Nunito Sans:normal:800,4,-1,-1,?
Nunito Sans:normal:900,5,-1,-1,?
Nunito:italic:200,2,-1,-1,?
Nunito:italic:300,2,-1,-1,?
Nunito:italic:400,3,-1,-1,?
Nunito:italic:600,3,-1,-1,?
Nunito:italic:700,4,-1,-1,?
Nunito:italic:800,4,-1,-1,?
Nunito:italic:900,5,-1,-1,?
Nunito:normal:200,2,-1,-1,?
Nunito:normal:300,2,1,7,body
Nunito:normal:400,3,1,7,header
Nunito:normal:600,3,-1,-1,?
Nunito:normal:700,4,1,8,header
Nunito:normal:800,4,-1,-1,?
Nunito:normal:900,5,-1,-1,?
Odor Mean Chey:normal:400,1,-1,-1,?
Offside:normal:400,3,1,8,body
Old Standard TT:italic:400,3,5,7,header
Old Standard TT:normal:400,3,1,7,body
Old Standard TT:normal:700,4,1,7,body
Oldenburg:normal:400,3,1,8,body
Oleo Script Swash Caps:normal:400,5,4,6,header
Oleo Script Swash Caps:normal:700,5,4,6,header
Oleo Script:normal:400,5,4,6,header
Oleo Script:normal:700,5,4,6,header
Open Sans Condensed:italic:300,2,4,5,header
Open Sans Condensed:normal:300,2,1,5,header
Open Sans Condensed:normal:700,4,1,6,header
Open Sans:italic:300,2,5,7,header
Open Sans:italic:400,3,5,7,header
Open Sans:italic:600,4,4,7,header
Open Sans:italic:700,4,5,7,header
Open Sans:italic:800,5,5,8,header
Open Sans:normal:300,2,1,7,header
Open Sans:normal:400,3,1,7,body
Open Sans:normal:600,4,1,7,header
Open Sans:normal:700,4,1,8,header
Open Sans:normal:800,5,1,8,header
Oranienbaum:normal:400,3,1,6,body
Orbitron:normal:400,4,1,8,header
Orbitron:normal:500,5,1,8,header
Orbitron:normal:700,5,1,8,header
Orbitron:normal:900,6,1,8,header
Oregano:italic:400,3,9,6,header
Oregano:normal:400,3,1,5,body
Orienta:normal:400,3,1,7,body
Original Surfer:normal:400,3,1,7,header
Oswald:normal:200,2,-1,-1,?
Oswald:normal:300,3,1,5,body
Oswald:normal:400,4,1,6,body
Oswald:normal:500,5,-1,-1,?
Oswald:normal:600,5,-1,-1,?
Oswald:normal:700,5,1,6,header
Over the Rainbow:normal:400,2,1,7,header
Overlock SC:normal:400,3,1,7,header
Overlock:italic:400,3,3,6,header
Overlock:italic:700,4,3,6,header
Overlock:italic:900,5,3,7,header
Overlock:normal:400,3,1,6,body
Overlock:normal:700,4,1,7,body
Overlock:normal:900,5,1,7,header
Overpass Mono:normal:300,3,-1,-1,?
Overpass Mono:normal:400,3,-1,-1,?
Overpass Mono:normal:600,3,-1,-1,?
Overpass Mono:normal:700,4,-1,-1,?
Overpass:italic:100,2,-1,-1,?
Overpass:italic:200,2,-1,-1,?
Overpass:italic:300,3,-1,-1,?
Overpass:italic:400,3,-1,-1,?
Overpass:italic:600,4,-1,-1,?
Overpass:italic:700,4,-1,-1,?
Overpass:italic:800,4,-1,-1,?
Overpass:italic:900,5,-1,-1,?
Overpass:normal:100,2,-1,-1,?
Overpass:normal:200,2,-1,-1,?
Overpass:normal:300,3,-1,-1,?
Overpass:normal:400,3,-1,-1,?
Overpass:normal:600,4,-1,-1,?
Overpass:normal:700,4,-1,-1,?
Overpass:normal:800,4,-1,-1,?
Overpass:normal:900,5,-1,-1,?
Ovo:normal:400,3,1,7,header
Oxygen Mono:normal:400,3,1,8,header
Oxygen:normal:300,2,1,7,header
Oxygen:normal:400,3,1,7,body
Oxygen:normal:700,4,1,7,header
PT Mono:normal:400,3,1,8,header
PT Sans Caption:normal:400,3,1,8,header
PT Sans Caption:normal:700,4,1,8,header
PT Sans Narrow:normal:400,3,1,6,body
PT Sans Narrow:normal:700,5,1,6,header
PT Sans:italic:400,3,5,6,header
PT Sans:italic:700,4,5,6,header
PT Sans:normal:400,3,1,7,header
PT Sans:normal:700,4,1,7,header
PT Serif Caption:italic:400,3,4,7,header
PT Serif Caption:normal:400,3,1,8,header
PT Serif:italic:400,3,4,7,header
PT Serif:italic:700,4,4,7,header
PT Serif:normal:400,3,1,7,body
PT Serif:normal:700,4,1,7,header
Pacifico:normal:400,4,4,6,header
Palanquin Dark:normal:400,3,1,7,header
Palanquin Dark:normal:500,4,1,7,header
Palanquin Dark:normal:600,4,1,7,header
Palanquin Dark:normal:700,4,1,7,header
Palanquin:normal:100,2,1,6,header
Palanquin:normal:200,2,1,6,header
Palanquin:normal:300,2,1,5,header
Palanquin:normal:400,2,1,5,body
Palanquin:normal:500,3,1,5,header
Palanquin:normal:600,3,1,5,header
Palanquin:normal:700,3,1,6,header
Pangolin:normal:400,3,-1,-1,?
Paprika:normal:400,3,3,8,header
Parisienne:normal:400,2,8,6,header
Passero One:normal:400,4,1,6,header
Passion One:normal:400,6,1,6,header
Passion One:normal:700,7,1,7,header
Passion One:normal:900,7,1,7,header
Pathway Gothic One:normal:400,4,1,5,header
Patrick Hand SC:normal:400,3,1,6,header
Patrick Hand:normal:400,3,1,6,header
Pattaya:normal:400,4,-1,-1,?
Patua One:normal:400,5,1,7,header
Pavanam:normal:400,3,-1,-1,?
Paytone One:normal:400,5,1,8,header
Peddana:normal:400,2,1,5,body
Peralta:normal:400,4,1,8,header
Permanent Marker:normal:400,5,6,8,header
Petit Formal Script:normal:400,2,7,8,header
Petrona:normal:400,3,1,7,body
Philosopher:italic:400,3,4,7,header
Philosopher:italic:700,4,4,7,header
Philosopher:normal:400,3,1,7,body
Philosopher:normal:700,4,1,7,header
Piedra:normal:400,5,1,6,body
Pinyon Script:normal:400,2,9,6,header
Pirata One:normal:400,5,1,6,body
Plaster:normal:400,5,1,9,header
Play:normal:400,3,1,7,body
Play:normal:700,5,1,7,header
Playball:normal:400,3,7,6,header
Playfair Display SC:italic:400,2,5,8,header
Playfair Display SC:italic:700,3,5,8,header
Playfair Display SC:italic:900,4,5,8,header
Playfair Display SC:normal:400,3,1,8,header
Playfair Display SC:normal:700,4,1,8,header
Playfair Display SC:normal:900,4,1,8,header
Playfair Display:italic:400,3,5,7,header
Playfair Display:italic:700,4,5,7,header
Playfair Display:italic:900,4,5,7,header
Playfair Display:normal:400,3,1,7,header
Playfair Display:normal:700,4,1,7,header
Playfair Display:normal:900,4,1,7,header
Podkova:normal:400,3,1,7,body
Podkova:normal:500,3,-1,-1,?
Podkova:normal:600,4,-1,-1,?
Podkova:normal:700,4,1,7,header
Podkova:normal:800,4,-1,-1,?
Poiret One:normal:400,2,1,7,header
Poller One:normal:400,5,1,8,header
Poly:italic:400,3,4,7,header
Poly:normal:400,3,1,7,body
Pompiere:normal:400,2,1,5,header
Pontano Sans:normal:400,3,1,7,body
Poor Story:normal:400,3,-1,-1,?
Poppins:italic:100,1,-1,-1,?
Poppins:italic:200,2,-1,-1,?
Poppins:italic:300,3,-1,-1,?
Poppins:italic:400,3,-1,-1,?
Poppins:italic:500,3,-1,-1,?
Poppins:italic:600,4,-1,-1,?
Poppins:italic:700,5,-1,-1,?
Poppins:italic:800,5,-1,-1,?
Poppins:italic:900,5,-1,-1,?
Poppins:normal:100,1,-1,-1,?
Poppins:normal:200,2,-1,-1,?
Poppins:normal:300,3,1,8,body
Poppins:normal:400,3,1,8,body
Poppins:normal:500,3,1,8,header
Poppins:normal:600,4,1,8,header
Poppins:normal:700,4,-1,-1,?
Poppins:normal:800,5,-1,-1,?
Poppins:normal:900,5,-1,-1,?
Port Lligat Sans:normal:400,3,1,6,body
Port Lligat Slab:normal:400,4,1,6,header
Pragati Narrow:normal:400,3,1,3,body
Pragati Narrow:normal:700,4,1,3,body
Prata:normal:400,3,1,7,body
Preahvihear:normal:400,1,-1,-1,?
Press Start 2P:normal:400,6,1,10,header
Pridi:normal:200,2,-1,-1,?
Pridi:normal:300,3,-1,-1,?
Pridi:normal:400,4,-1,-1,?
Pridi:normal:500,4,-1,-1,?
Pridi:normal:600,5,-1,-1,?
Pridi:normal:700,5,-1,-1,?
Princess Sofia:normal:400,3,3,6,header
Prociono:normal:400,3,1,7,body
Prompt:italic:100,1,-1,-1,?
Prompt:italic:200,2,-1,-1,?
Prompt:italic:300,3,-1,-1,?
Prompt:italic:400,3,-1,-1,?
Prompt:italic:500,4,-1,-1,?
Prompt:italic:600,4,-1,-1,?
Prompt:italic:700,5,-1,-1,?
Prompt:italic:800,5,-1,-1,?
Prompt:italic:900,6,-1,-1,?
Prompt:normal:100,1,-1,-1,?
Prompt:normal:200,2,-1,-1,?
Prompt:normal:300,3,-1,-1,?
Prompt:normal:400,3,-1,-1,?
Prompt:normal:500,4,-1,-1,?
Prompt:normal:600,4,-1,-1,?
Prompt:normal:700,5,-1,-1,?
Prompt:normal:800,5,-1,-1,?
Prompt:normal:900,6,-1,-1,?
Prosto One:normal:400,4,1,8,header
Proza Libre:italic:400,3,-1,-1,?
Proza Libre:italic:500,4,-1,-1,?
Proza Libre:italic:600,4,-1,-1,?
Proza Libre:italic:700,4,-1,-1,?
Proza Libre:italic:800,5,-1,-1,?
Proza Libre:normal:400,3,-1,-1,?
Proza Libre:normal:500,3,-1,-1,?
Proza Libre:normal:600,4,-1,-1,?
Proza Libre:normal:700,4,-1,-1,?
Proza Libre:normal:800,5,-1,-1,?
Puritan:italic:400,3,3,7,header
Puritan:italic:700,4,3,7,header
Puritan:normal:400,3,1,7,header
Puritan:normal:700,4,1,7,body
Purple Purse:normal:400,4,1,7,header
Quando:normal:400,4,1,8,body
Quantico:italic:400,3,3,7,header
Quantico:italic:700,4,3,7,header
Quantico:normal:400,3,1,7,body
Quantico:normal:700,4,1,7,header
Quattrocento Sans:italic:400,3,4,7,header
Quattrocento Sans:italic:700,4,4,7,header
Quattrocento Sans:normal:400,3,1,7,body
Quattrocento Sans:normal:700,4,1,7,header
Quattrocento:normal:400,3,1,7,header
Quattrocento:normal:700,4,1,7,header
Questrial:normal:400,3,1,7,header
Quicksand:normal:300,2,1,8,header
Quicksand:normal:400,2,1,8,header
Quicksand:normal:500,3,-1,-1,?
Quicksand:normal:700,4,1,8,header
Quintessential:normal:400,3,1,6,header
Qwigley:normal:400,2,7,4,header
Racing Sans One:normal:400,5,5,7,header
Radley:italic:400,3,5,7,header
Radley:normal:400,3,1,7,header
Rajdhani:normal:300,2,1,6,header
Rajdhani:normal:400,2,1,6,header
Rajdhani:normal:500,3,1,6,header
Rajdhani:normal:600,4,1,6,header
Rajdhani:normal:700,5,1,6,header
Rakkas:normal:400,4,-1,-1,?
Raleway Dots:normal:400,1,1,7,header
Raleway:italic:100,1,4,7,header
Raleway:italic:200,2,4,7,header
Raleway:italic:300,2,4,7,header
Raleway:italic:400,3,4,7,header
Raleway:italic:500,3,4,7,header
Raleway:italic:600,4,4,7,header
Raleway:italic:700,4,4,7,header
Raleway:italic:800,5,4,7,header
Raleway:italic:900,5,4,7,header
Raleway:normal:100,1,1,7,header
Raleway:normal:200,2,1,7,header
Raleway:normal:300,2,1,7,header
Raleway:normal:400,3,1,7,header
Raleway:normal:500,3,1,7,body
Raleway:normal:600,4,1,7,header
Raleway:normal:700,4,1,7,header
Raleway:normal:800,5,1,7,header
Raleway:normal:900,5,1,8,header
Ramabhadra:normal:400,3,1,7,header
Ramaraja:normal:400,3,1,6,body
Rambla:italic:400,3,4,6,header
Rambla:italic:700,5,4,7,header
Rambla:normal:400,3,1,6,body
Rambla:normal:700,5,1,7,header
Rammetto One:normal:400,5,1,8,header
Ranchers:normal:400,6,1,6,body
Rancho:normal:400,4,1,5,header
Ranga:normal:400,3,5,5,header
Ranga:normal:700,5,5,5,header
Rasa:normal:300,3,-1,-1,?
Rasa:normal:400,3,-1,-1,?
Rasa:normal:500,4,-1,-1,?
Rasa:normal:600,4,-1,-1,?
Rasa:normal:700,4,-1,-1,?
Rationale:normal:400,3,1,6,body
Ravi Prakash:normal:400,3,1,6,header
Redressed:normal:400,3,1,6,body
Reem Kufi:normal:400,3,-1,-1,?
Reenie Beanie:normal:400,2,1,6,header
Revalia:normal:400,4,1,9,header
Rhodium Libre:normal:400,3,1,5,header
Ribeye Marrow:normal:400,3,1,8,header
Ribeye:normal:400,3,1,8,header
Righteous:normal:400,5,1,7,body
Risque:normal:400,4,2,7,header
Roboto Condensed:italic:300,3,4,6,header
Roboto Condensed:italic:400,4,4,6,header
Roboto Condensed:italic:700,5,4,6,header
Roboto Condensed:normal:300,3,1,6,header
Roboto Condensed:normal:400,4,1,6,body
Roboto Condensed:normal:700,5,1,6,header
Roboto Mono:italic:100,1,-1,-1,?
Roboto Mono:italic:300,2,-1,-1,?
Roboto Mono:italic:400,3,-1,-1,?
Roboto Mono:italic:500,4,-1,-1,?
Roboto Mono:italic:700,4,-1,-1,?
Roboto Mono:normal:100,1,-1,-1,?
Roboto Mono:normal:300,2,-1,-1,?
Roboto Mono:normal:400,3,-1,-1,?
Roboto Mono:normal:500,4,-1,-1,?
Roboto Mono:normal:700,4,-1,-1,?
Roboto Slab:normal:100,1,1,7,header
Roboto Slab:normal:300,2,1,7,header
Roboto Slab:normal:400,3,1,7,header
Roboto Slab:normal:700,5,1,7,header
Roboto:italic:100,2,4,7,header
Roboto:italic:300,3,4,7,header
Roboto:italic:400,4,4,7,header
Roboto:italic:500,4,4,7,header
Roboto:italic:700,5,4,7,header
Roboto:italic:900,5,4,7,header
Roboto:normal:100,2,1,7,header
Roboto:normal:300,3,1,7,header
Roboto:normal:400,4,1,7,body
Roboto:normal:500,4,1,7,header
Roboto:normal:700,5,1,7,header
Roboto:normal:900,6,1,7,header
Rochester:normal:400,3,1,5,header
Rock Salt:normal:400,3,2,8,header
Rokkitt:normal:100,2,-1,-1,?
Rokkitt:normal:200,2,-1,-1,?
Rokkitt:normal:300,3,1,7,header
Rokkitt:normal:400,3,1,6,header
Rokkitt:normal:500,4,-1,-1,?
Rokkitt:normal:600,4,-1,-1,?
Rokkitt:normal:700,4,1,7,header
Rokkitt:normal:800,5,-1,-1,?
Rokkitt:normal:900,5,-1,-1,?
Romanesco:normal:400,4,6,1,header
Ropa Sans:italic:400,4,4,7,header
Ropa Sans:normal:400,4,1,6,header
Rosario:italic:400,3,3,6,header
Rosario:italic:700,5,3,6,header
Rosario:normal:400,3,1,7,header
Rosario:normal:700,4,1,7,header
Rosarivo:italic:400,3,4,7,header
Rosarivo:normal:400,3,1,7,body
Rouge Script:normal:400,2,4,5,header
Rozha One:normal:400,3,1,7,body
Ruda:normal:400,3,1,7,body
Ruda:normal:700,4,1,7,header
Ruda:normal:900,5,1,8,header
Rufina:normal:400,3,1,7,header
Rufina:normal:700,3,1,7,body
Ruge Boogie:normal:400,3,1,5,header
Ruluko:normal:400,3,1,6,body
Rum Raisin:normal:400,5,1,6,header
Ruslan Display:normal:400,6,1,8,header
Russo One:normal:400,6,1,8,body
Ruthie:normal:400,2,7,4,header
Rye:normal:400,4,1,8,header
Sacramento:normal:400,2,1,5,header
Sahitya:normal:400,3,1,4,body
Sahitya:normal:700,4,1,4,body
Sail:normal:400,3,4,6,header
Saira Condensed:normal:100,2,-1,-1,?
Saira Condensed:normal:200,2,-1,-1,?
Saira Condensed:normal:300,3,-1,-1,?
Saira Condensed:normal:400,3,-1,-1,?
Saira Condensed:normal:500,4,-1,-1,?
Saira Condensed:normal:600,4,-1,-1,?
Saira Condensed:normal:700,5,-1,-1,?
Saira Condensed:normal:800,5,-1,-1,?
Saira Condensed:normal:900,6,-1,-1,?
Saira Extra Condensed:normal:100,2,-1,-1,?
Saira Extra Condensed:normal:200,2,-1,-1,?
Saira Extra Condensed:normal:300,3,-1,-1,?
Saira Extra Condensed:normal:400,3,-1,-1,?
Saira Extra Condensed:normal:500,4,-1,-1,?
Saira Extra Condensed:normal:600,4,-1,-1,?
Saira Extra Condensed:normal:700,5,-1,-1,?
Saira Extra Condensed:normal:800,5,-1,-1,?
Saira Extra Condensed:normal:900,6,-1,-1,?
Saira Semi Condensed:normal:100,2,-1,-1,?
Saira Semi Condensed:normal:200,2,-1,-1,?
Saira Semi Condensed:normal:300,2,-1,-1,?
Saira Semi Condensed:normal:400,3,-1,-1,?
Saira Semi Condensed:normal:500,3,-1,-1,?
Saira Semi Condensed:normal:600,4,-1,-1,?
Saira Semi Condensed:normal:700,5,-1,-1,?
Saira Semi Condensed:normal:800,5,-1,-1,?
Saira Semi Condensed:normal:900,6,-1,-1,?
Saira:normal:100,2,-1,-1,?
Saira:normal:200,2,-1,-1,?
Saira:normal:300,2,-1,-1,?
Saira:normal:400,3,-1,-1,?
Saira:normal:500,3,-1,-1,?
Saira:normal:600,4,-1,-1,?
Saira:normal:700,5,-1,-1,?
Saira:normal:800,5,-1,-1,?
Saira:normal:900,6,-1,-1,?
Salsa:normal:400,4,1,7,header
Sanchez:italic:400,3,4,8,header
Sanchez:normal:400,3,1,8,body
Sancreek:normal:400,5,1,7,body
Sansita:italic:400,4,-1,-1,?
Sansita:italic:700,5,-1,-1,?
Sansita:italic:800,5,-1,-1,?
Sansita:italic:900,6,-1,-1,?
Sansita:normal:400,4,-1,-1,?
Sansita:normal:700,5,-1,-1,?
Sansita:normal:800,5,-1,-1,?
Sansita:normal:900,6,-1,-1,?
Sarala:normal:400,3,1,5,body
Sarala:normal:700,4,1,5,body
Sarina:normal:400,5,7,8,header
Sarpanch:normal:400,3,1,8,body
Sarpanch:normal:500,3,1,8,header
Sarpanch:normal:600,3,1,8,header
Sarpanch:normal:700,4,1,8,header
Sarpanch:normal:800,4,1,8,header
Sarpanch:normal:900,5,1,8,header
Satisfy:normal:400,3,5,6,header
Scada:italic:400,4,4,7,header
Scada:italic:700,4,4,7,header
Scada:normal:400,4,1,7,body
Scada:normal:700,4,1,7,header
Scheherazade:normal:400,2,1,3,body
Scheherazade:normal:700,3,1,3,body
Schoolbell:normal:400,3,1,6,header
Scope One:normal:400,2,1,5,header
Seaweed Script:normal:400,4,7,6,header
Secular One:normal:400,4,1,5,header
Sedgwick Ave Display:normal:400,5,-1,-1,?
Sedgwick Ave:normal:400,4,-1,-1,?
Sevillana:normal:400,3,1,6,header
Seymour One:normal:400,6,1,9,header
Shadows Into Light Two:normal:400,3,1,6,header
Shadows Into Light:normal:400,2,1,6,header
Shanti:normal:400,3,1,7,body
Share Tech Mono:normal:400,3,1,8,header
Share Tech:normal:400,4,1,6,header
Share:italic:400,4,3,6,header
Share:italic:700,5,2,7,header
Share:normal:400,4,1,6,header
Share:normal:700,5,1,7,header
Shojumaru:normal:400,5,1,9,header
Short Stack:normal:400,3,1,8,header
Shrikhand:normal:400,5,-1,-1,?
Siemreap:normal:400,1,-1,-1,?
Sigmar One:normal:400,5,1,8,header
Signika Negative:normal:300,3,1,7,header
Signika Negative:normal:400,4,1,7,body
Signika Negative:normal:600,4,1,7,header
Signika Negative:normal:700,5,1,7,header
Signika:normal:300,3,1,7,body
Signika:normal:400,4,1,7,header
Signika:normal:600,4,1,7,header
Signika:normal:700,5,1,7,header
Simonetta:italic:400,3,1,6,header
Simonetta:italic:900,4,2,7,header
Simonetta:normal:400,3,1,6,body
Simonetta:normal:900,4,1,7,header
Sintony:normal:400,3,1,8,header
Sintony:normal:700,4,1,8,header
Sirin Stencil:normal:400,3,1,6,body
Six Caps:normal:400,5,1,1,header
Skranji:normal:400,5,1,7,body
Skranji:normal:700,6,1,8,header
Slabo 13px:normal:400,3,1,7,header
Slabo 27px:normal:400,3,1,6,body
Slackey:normal:400,5,1,8,header
Smokum:normal:400,4,1,5,header
Smythe:normal:400,3,1,5,header
Sniglet:normal:400,4,1,7,header
Sniglet:normal:800,6,1,8,header
Snippet:normal:400,3,1,7,header
Snowburst One:normal:400,2,1,8,header
Sofadi One:normal:400,3,1,7,header
Sofia:normal:400,3,1,7,header
Song Myung:normal:400,4,-1,-1,?
Sonsie One:normal:400,6,6,9,header
Sorts Mill Goudy:italic:400,3,4,6,header
Sorts Mill Goudy:normal:400,3,1,7,body
Source Code Pro:normal:200,1,1,8,header
Source Code Pro:normal:300,2,1,8,header
Source Code Pro:normal:400,3,1,8,header
Source Code Pro:normal:500,3,1,8,header
Source Code Pro:normal:600,4,1,8,header
Source Code Pro:normal:700,4,1,8,header
Source Code Pro:normal:900,5,1,8,header
Source Sans Pro:italic:200,2,5,6,header
Source Sans Pro:italic:300,2,4,6,header
Source Sans Pro:italic:400,3,5,6,header
Source Sans Pro:italic:600,4,5,7,header
Source Sans Pro:italic:700,4,5,7,header
Source Sans Pro:italic:900,5,5,7,header
Source Sans Pro:normal:200,2,1,6,header
Source Sans Pro:normal:300,2,1,6,header
Source Sans Pro:normal:400,3,1,7,body
Source Sans Pro:normal:600,4,1,7,header
Source Sans Pro:normal:700,5,1,7,header
Source Sans Pro:normal:900,5,1,7,header
Source Serif Pro:normal:400,3,1,7,header
Source Serif Pro:normal:600,4,1,7,header
Source Serif Pro:normal:700,4,1,7,header
Space Mono:italic:400,3,-1,-1,?
Space Mono:italic:700,4,-1,-1,?
Space Mono:normal:400,3,-1,-1,?
Space Mono:normal:700,4,-1,-1,?
Special Elite:normal:400,4,1,8,header
Spectral SC:italic:200,2,-1,-1,?
Spectral SC:italic:300,2,-1,-1,?
Spectral SC:italic:400,3,-1,-1,?
Spectral SC:italic:500,3,-1,-1,?
Spectral SC:italic:600,3,-1,-1,?
Spectral SC:italic:700,3,-1,-1,?
Spectral SC:italic:800,4,-1,-1,?
Spectral SC:normal:200,2,-1,-1,?
Spectral SC:normal:300,2,-1,-1,?
Spectral SC:normal:400,3,-1,-1,?
Spectral SC:normal:500,3,-1,-1,?
Spectral SC:normal:600,3,-1,-1,?
Spectral SC:normal:700,3,-1,-1,?
Spectral SC:normal:800,4,-1,-1,?
Spectral:italic:200,2,-1,-1,?
Spectral:italic:300,2,-1,-1,?
Spectral:italic:400,3,-1,-1,?
Spectral:italic:500,3,-1,-1,?
Spectral:italic:600,3,-1,-1,?
Spectral:italic:700,3,-1,-1,?
Spectral:italic:800,4,-1,-1,?
Spectral:normal:200,2,-1,-1,?
Spectral:normal:300,2,-1,-1,?
Spectral:normal:400,3,-1,-1,?
Spectral:normal:500,3,-1,-1,?
Spectral:normal:600,3,-1,-1,?
Spectral:normal:700,3,-1,-1,?
Spectral:normal:800,4,-1,-1,?
Spicy Rice:normal:400,6,1,6,header
Spinnaker:normal:400,3,1,8,body
Spirax:normal:400,3,1,7,body
Squada One:normal:400,5,1,6,header
Sree Krushnadevaraya:normal:400,2,1,6,body
Sriracha:normal:400,4,-1,-1,?
Stalemate:normal:400,2,1,3,header
Stalinist One:normal:400,5,7,10,header
Stardos Stencil:normal:400,3,1,7,body
Stardos Stencil:normal:700,4,1,7,header
Stint Ultra Condensed:normal:400,4,1,1,header
Stint Ultra Expanded:normal:400,3,1,8,header
Stoke:normal:300,3,1,8,header
Stoke:normal:400,3,1,8,header
Strait:normal:400,3,1,6,header
Stylish:normal:400,3,-1,-1,?
Sue Ellen Francisco:normal:400,3,1,4,header
Suez One:normal:400,5,1,5,header
Sumana:normal:400,2,1,3,body
Sumana:normal:700,3,1,3,body
Sunflower:normal:300,3,-1,-1,?
Sunflower:normal:500,5,-1,-1,?
Sunflower:normal:700,5,-1,-1,?
Sunshiney:normal:400,3,1,6,header
Supermercado One:normal:400,4,1,7,header
Sura:normal:400,3,1,3,body
Sura:normal:700,4,1,3,body
Suranna:normal:400,2,1,6,body
Suravaram:normal:400,2,1,6,body
Suwannaphum:normal:400,1,-1,-1,?
Swanky and Moo Moo:normal:400,2,1,7,header
Syncopate:normal:400,3,1,9,header
Syncopate:normal:700,5,1,9,header
Tajawal:normal:200,2,-1,-1,?
Tajawal:normal:300,3,-1,-1,?
Tajawal:normal:400,3,-1,-1,?
Tajawal:normal:500,4,-1,-1,?
Tajawal:normal:700,5,-1,-1,?
Tajawal:normal:800,5,-1,-1,?
Tajawal:normal:900,6,-1,-1,?
Tangerine:normal:400,2,10,3,header
Tangerine:normal:700,2,8,4,header
Taprom:normal:400,1,-1,-1,?
Tauri:normal:400,4,1,7,header
Taviraj:italic:100,2,-1,-1,?
Taviraj:italic:200,2,-1,-1,?
Taviraj:italic:300,2,-1,-1,?
Taviraj:italic:400,3,-1,-1,?
Taviraj:italic:500,3,-1,-1,?
Taviraj:italic:600,3,-1,-1,?
Taviraj:italic:700,4,-1,-1,?
Taviraj:italic:800,4,-1,-1,?
Taviraj:italic:900,4,-1,-1,?
Taviraj:normal:100,2,-1,-1,?
Taviraj:normal:200,2,-1,-1,?
Taviraj:normal:300,2,-1,-1,?
Taviraj:normal:400,3,-1,-1,?
Taviraj:normal:500,3,-1,-1,?
Taviraj:normal:600,3,-1,-1,?
Taviraj:normal:700,4,-1,-1,?
Taviraj:normal:800,4,-1,-1,?
Taviraj:normal:900,4,-1,-1,?
Teko:normal:300,4,1,1,header
Teko:normal:400,4,1,2,header
Teko:normal:500,5,1,5,body
Teko:normal:600,5,1,6,header
Teko:normal:700,6,1,6,header
Telex:normal:400,3,1,7,body
Tenali Ramakrishna:normal:400,2,1,6,body
Tenor Sans:normal:400,3,1,8,body
Text Me One:normal:400,2,1,7,body
The Girl Next Door:normal:400,2,1,7,header
Tienne:normal:400,3,1,8,header
Tienne:normal:700,4,1,8,header
Tienne:normal:900,5,1,8,header
Tillana:normal:400,3,4,7,header
Tillana:normal:500,3,5,7,header
Tillana:normal:600,4,4,8,header
Tillana:normal:700,4,-1,-1,?
Tillana:normal:800,4,-1,-1,?
Timmana:normal:400,5,3,6,header
Tinos:italic:400,3,4,6,header
Tinos:italic:700,4,4,7,header
Tinos:normal:400,3,1,7,body
Tinos:normal:700,4,1,7,header
Titan One:normal:400,7,1,8,header
Titillium Web:italic:200,2,5,6,header
Titillium Web:italic:300,2,5,6,header
Titillium Web:italic:400,3,5,6,header
Titillium Web:italic:600,4,5,6,header
Titillium Web:italic:700,4,5,6,header
Titillium Web:normal:200,2,1,6,header
Titillium Web:normal:300,2,1,7,header
Titillium Web:normal:400,3,1,7,header
Titillium Web:normal:600,4,1,7,header
Titillium Web:normal:700,4,1,7,header
Titillium Web:normal:900,6,1,7,header
Trade Winds:normal:400,5,5,8,header
Trirong:italic:100,1,-1,-1,?
Trirong:italic:200,2,-1,-1,?
Trirong:italic:300,2,-1,-1,?
Trirong:italic:400,2,-1,-1,?
Trirong:italic:500,3,-1,-1,?
Trirong:italic:600,3,-1,-1,?
Trirong:italic:700,3,-1,-1,?
Trirong:italic:800,3,-1,-1,?
Trirong:italic:900,4,-1,-1,?
Trirong:normal:100,1,-1,-1,?
Trirong:normal:200,2,-1,-1,?
Trirong:normal:300,2,-1,-1,?
Trirong:normal:400,2,-1,-1,?
Trirong:normal:500,3,-1,-1,?
Trirong:normal:600,3,-1,-1,?
Trirong:normal:700,3,-1,-1,?
Trirong:normal:800,4,-1,-1,?
Trirong:normal:900,4,-1,-1,?
Trocchi:normal:400,3,1,8,header
Trochut:italic:400,3,5,6,header
Trochut:normal:400,3,1,6,body
Trochut:normal:700,4,1,6,header
Trykker:normal:400,3,1,8,body
Tulpen One:normal:400,3,1,1,header
Ubuntu Condensed:normal:400,4,1,6,header
Ubuntu Mono:italic:400,3,5,7,header
Ubuntu Mono:italic:700,5,5,7,header
Ubuntu Mono:normal:400,3,1,7,header
Ubuntu Mono:normal:700,5,1,7,header
Ubuntu:italic:300,3,5,7,header
Ubuntu:italic:400,4,5,7,header
Ubuntu:italic:500,4,5,7,header
Ubuntu:italic:700,5,5,7,header
Ubuntu:normal:300,3,1,7,header
Ubuntu:normal:400,4,1,7,header
Ubuntu:normal:500,4,1,7,header
Ubuntu:normal:700,5,1,7,header
Ultra:normal:400,6,1,9,header
Uncial Antiqua:normal:400,4,1,8,header
Underdog:normal:400,3,1,7,header
Unica One:normal:400,3,1,7,body
UnifrakturCook:normal:700,4,1,6,header
UnifrakturMaguntia:normal:400,4,1,6,header
Unkempt:normal:400,3,1,7,header
Unkempt:normal:700,4,1,7,body
Unlock:normal:400,6,1,8,header
Unna:italic:400,3,-1,-1,?
Unna:italic:700,4,-1,-1,?
Unna:normal:400,3,1,6,header
Unna:normal:700,4,-1,-1,?
VT323:normal:400,4,1,6,body
Vampiro One:normal:400,4,8,8,header
Varela Round:normal:400,3,1,7,header
Varela:normal:400,3,1,7,body
Vast Shadow:normal:400,3,1,9,header
Vesper Libre:normal:400,3,1,3,body
Vesper Libre:normal:500,3,1,3,body
Vesper Libre:normal:700,4,1,3,body
Vesper Libre:normal:900,4,1,3,body
Vibur:normal:400,3,3,6,header
Vidaloka:normal:400,3,1,7,header
Viga:normal:400,4,1,7,header
Voces:normal:400,3,1,7,header
Volkhov:italic:400,3,5,7,header
Volkhov:italic:700,4,5,7,header
Volkhov:normal:400,4,1,8,header
Volkhov:normal:700,4,1,8,header
Vollkorn SC:normal:400,3,-1,-1,?
Vollkorn SC:normal:600,3,-1,-1,?
Vollkorn SC:normal:700,4,-1,-1,?
Vollkorn SC:normal:900,4,-1,-1,?
Vollkorn:italic:400,3,4,6,header
Vollkorn:italic:600,4,-1,-1,?
Vollkorn:italic:700,4,4,7,header
Vollkorn:italic:900,5,-1,-1,?
Vollkorn:normal:400,3,1,7,body
Vollkorn:normal:600,3,-1,-1,?
Vollkorn:normal:700,4,1,8,header
Vollkorn:normal:900,5,-1,-1,?
Voltaire:normal:400,4,1,6,body
Waiting for the Sunrise:normal:400,2,1,6,header
Wallpoet:normal:400,4,1,8,header
Walter Turncoat:normal:400,3,1,7,header
Warnes:normal:400,3,1,8,header
Wellfleet:normal:400,4,1,8,body
Wendy One:normal:400,6,1,7,header
Wire One:normal:400,2,1,1,header
Work Sans:normal:100,1,1,3,body
Work Sans:normal:200,1,1,3,body
Work Sans:normal:300,2,1,3,body
Work Sans:normal:400,3,1,3,body
Work Sans:normal:500,4,1,3,body
Work Sans:normal:600,4,1,3,body
Work Sans:normal:700,5,1,3,body
Work Sans:normal:800,5,1,3,body
Work Sans:normal:900,6,1,3,body
Yanone Kaffeesatz:normal:200,2,1,5,header
Yanone Kaffeesatz:normal:300,3,1,5,header
Yanone Kaffeesatz:normal:400,4,1,5,header
Yanone Kaffeesatz:normal:700,5,1,2,header
Yantramanav:normal:100,1,1,3,body
Yantramanav:normal:300,2,1,3,body
Yantramanav:normal:400,3,1,3,body
Yantramanav:normal:500,4,1,3,body
Yantramanav:normal:700,4,1,3,body
Yantramanav:normal:900,5,1,3,body
Yatra One:normal:400,4,-1,-1,?
Yellowtail:normal:400,4,8,5,header
Yeon Sung:normal:400,4,-1,-1,?
Yeseva One:normal:400,4,1,8,header
Yesteryear:normal:400,4,7,5,header
Yrsa:normal:300,3,-1,-1,?
Yrsa:normal:400,3,-1,-1,?
Yrsa:normal:500,4,-1,-1,?
Yrsa:normal:600,4,-1,-1,?
Yrsa:normal:700,4,-1,-1,?
Zeyada:normal:400,2,1,6,header
Zilla Slab Highlight:normal:400,11,-1,-1,?
Zilla Slab Highlight:normal:700,9,-1,-1,?
Zilla Slab:italic:300,2,-1,-1,?
Zilla Slab:italic:400,3,-1,-1,?
Zilla Slab:italic:500,3,-1,-1,?
Zilla Slab:italic:600,4,-1,-1,?
Zilla Slab:italic:700,5,-1,-1,?
Zilla Slab:normal:300,3,-1,-1,?
Zilla Slab:normal:400,3,-1,-1,?
Zilla Slab:normal:500,3,-1,-1,?
Zilla Slab:normal:600,4,-1,-1,?
Zilla Slab:normal:700,4,-1,-1,?
